record_id,ticket_type,to_address,subject_clean,short_desc_clean,description_for_model,related_env_raw,body_for_model,text_input,label_sub_team,rule_has_gcp_hub,rule_has_aws_hub,rule_has_gcp_prefix,rule_has_aws_prefix,rule_has_gcp_ip,rule_has_aws_ip,gcp_kw_header_hits,aws_kw_header_hits,gcp_kw_body_hits,aws_kw_body_hits,logic_text,rule_label,rule_source,combined_features,explain_text_features
TASK1629429,catalog_task,inetmscloud@inetms.co.th,Catalog Task TASK_ID has been assigned to group iNET Cloud | Support Team,Request to allow firewall for VA Scan 2026-Q1 & Hardening Scan for SCG Corp,"Request to allow firewall for VA Scan 2026-Q1 & Hardening Scan for SCG Corp
1 For VA Scan
Subject : Quarterly Security Vulnerability Assessment Scan 2026 – Q1
Date and Time : Plan to scan on 13–20 March 2026
2 For Hardening Scan
Subject : Scan for remaining server.
Date and Time : Plan to scan on 23 Mar 2026 –17 April 2026",AWS Hub | GCP Hub | SCG Azure | On-prem | Form : DXC Request form for Firewall v3.7_SCG Corp.xlsx,"Request Number:
REQ_ID
Opened By:
Thanapol Tophati
Opened Date:
2026-03-01 09:10:35 ICT
Click
here
to view the request
Requested For:
Pornpinit Thanasutives
Email Address:
PORNPINT@SCG.COM
Service Request Number:
RITM_ID
Opened Date:
2026-03-01 09:10:35 ICT
Short Description:
Request to allow firewall for VA Scan 2026-Q1 & Hardening Scan for SCG Corp
Description:
Request to allow firewall for VA Scan 2026-Q1 & Hardening Scan for SCG Corp
1 For VA Scan
Subject : Quarterly Security Vulnerability Assessment Scan 2026 – Q1
Date and Time : Plan to scan on 13–20 March 2026
2 For Hardening Scan
Subject : Scan for remaining server.
Date and Time : Plan to scan on 23 Mar 2026 –17 April 2026
Related environment:
AWS Hub
GCP Hub
SCG Azure
On-prem
Form : DXC Request form for Firewall v3.7_SCG Corp.xlsx
State:
Assigned
Click
here
to view the item
Task Number:
TASK_ID
State:
Assigned
Assignment Group:
iNET Cloud Support Team
Service Provider:
iNET
Short Description:
Request to allow firewall for VA Scan 2026-Q1 & Hardening Scan for SCG Corp
Click
here
to view the task",ticket_type: catalog_task [SEP] to_address: inetmscloud@inetms.co.th [SEP] subject: Catalog Task TASK_ID has been assigned to group iNET Cloud | Support Team [SEP] short_desc: Request to allow firewall for VA Scan 2026-Q1 & Hardening Scan for SCG Corp [SEP] description: Request to allow firewall for VA Scan 2026-Q1 & Hardening Scan for SCG Corp | 1 For VA Scan | Subject : Quarterly Security Vulnerability Assessment Scan 2026 – Q1 | Date and Time : Plan to scan on 13–20 March 2026 | 2 For Hardening Scan | Subject : Scan for remaining server. | Date and Time : Plan to scan on 23 Mar 2026 –17 April 2026 [SEP] related_env: AWS Hub | GCP Hub | SCG Azure | On-prem | Form : DXC Request form for Firewall v3.7_SCG Corp.xlsx [SEP] body: Request Number: | REQ_ID | Opened By: | Thanapol Tophati | Opened Date: | 2026-03-01 09:10:35 ICT | Click | here | to view the request | Requested For: | Pornpinit Thanasutives | Email Address: | PORNPINT@SCG.COM | Service Request Number: | RITM_ID | Opened Date: | 2026-03-01 09:10:35 ICT | Short Description: | Request to allow firewall for VA Scan 2026-Q1 & Hardening Scan for SCG Corp | Description: | Request to allow firewall for VA Scan 2026-Q1 & Hardening Scan for SCG Corp | 1 For VA Scan | Subject : Quarterly Security Vulnerability Assessment Scan 2026 – Q1 | Date and Time : Plan to scan on 13–20 March 2026 | 2 For Hardening Scan | Subject : Scan for remaining server. | Date and Time : Plan to scan on 23 Mar 2026 –17 April 2026 | Related environment: | AWS Hub | GCP Hub | SCG Azure | On-prem | Form : DXC Request form for Firewall v3.7_SCG Corp.xlsx | State: | Assigned | Click | here | to view the item | Task Number: | TASK_ID | State: | Assigned | Assignment Group: | iNET Cloud Support Team | Service Provider: | iNET | Short Description: | Request to allow firewall for VA Scan 2026-Q1 & Hardening Scan for SCG Corp | Click | here | to view the task,AWS Team,0,0,0,0,0,0,0,0,1,2,"TICKET_TYPE=catalog_task || TO=inetmscloud@inetms.co.th || SUBJECT=Catalog Task TASK_ID has been assigned to group iNET Cloud | Support Team || SHORT_DESC=Request to allow firewall for VA Scan 2026-Q1 & Hardening Scan for SCG Corp || ENV=AWS Hub | GCP Hub | SCG Azure | On-prem | Form : DXC Request form for Firewall v3.7_SCG Corp.xlsx || DESC=Request to allow firewall for VA Scan 2026-Q1 & Hardening Scan for SCG Corp
1 For VA Scan
Subject : Quarterly Security Vulnerability Assessment Scan 2026 – Q1
Date and Time : Plan to scan on 13–20 March 2026
2 For Hardening Scan
Subject : Scan for remaining server.
Date and Time : Plan to scan on 23 Mar 2026 –17 April 2026 || BODY=Request Number:
REQ_ID
Opened By:
Thanapol Tophati
Opened Date:
2026-03-01 09:10:35 ICT
Click
here
to view the request
Requested For:
Pornpinit Thanasutives
Email Address:
PORNPINT@SCG.COM
Service Request Number:
RITM_ID
Opened Date:
2026-03-01 09:10:35 ICT
Short Description:
Request to allow firewall for VA Scan 2026-Q1 & Hardening Scan for SCG Corp
Description:
Request to allow firewall for VA Scan 2026-Q1 & Hardening Scan for SCG Corp
1 For VA Scan
Subject : Quarterly Security Vulnerability Assessment Scan 2026 – Q1
Date and Time : Plan to scan on 13–20 March 2026
2 For Hardening Scan
Subject : Scan for remaining server.
Date and Time : Plan to scan on 23 Mar 2026 –17 April 2026
Related environment:
AWS Hub
GCP Hub
SCG Azure
On-prem
Form : DXC Request form for Firewall v3.7_SCG Corp.xlsx
State:
Assigned
Click
here
to view the item
Task Number:
TASK_ID
State:
Assigned
Assignment Group:
iNET Cloud Support Team
Service Provider:
iNET
Short Description:
Request to allow firewall for VA Scan 2026-Q1 & Hardening Scan for SCG Corp
Click
here
to view the task || RULE_GCP_HUB=0 || RULE_AWS_HUB=0 || RULE_GCP_IP=0 || RULE_AWS_IP=0 || GCP_HEADER_HITS=0 || AWS_HEADER_HITS=0 || GCP_BODY_HITS=1 || AWS_BODY_HITS=2",,,"ticket_type: catalog_task [SEP] to_address: inetmscloud@inetms.co.th [SEP] subject: Catalog Task TASK_ID has been assigned to group iNET Cloud | Support Team [SEP] short_desc: Request to allow firewall for VA Scan 2026-Q1 & Hardening Scan for SCG Corp [SEP] description: Request to allow firewall for VA Scan 2026-Q1 & Hardening Scan for SCG Corp | 1 For VA Scan | Subject : Quarterly Security Vulnerability Assessment Scan 2026 – Q1 | Date and Time : Plan to scan on 13–20 March 2026 | 2 For Hardening Scan | Subject : Scan for remaining server. | Date and Time : Plan to scan on 23 Mar 2026 –17 April 2026 [SEP] related_env: AWS Hub | GCP Hub | SCG Azure | On-prem | Form : DXC Request form for Firewall v3.7_SCG Corp.xlsx [SEP] body: Request Number: | REQ_ID | Opened By: | Thanapol Tophati | Opened Date: | 2026-03-01 09:10:35 ICT | Click | here | to view the request | Requested For: | Pornpinit Thanasutives | Email Address: | PORNPINT@SCG.COM | Service Request Number: | RITM_ID | Opened Date: | 2026-03-01 09:10:35 ICT | Short Description: | Request to allow firewall for VA Scan 2026-Q1 & Hardening Scan for SCG Corp | Description: | Request to allow firewall for VA Scan 2026-Q1 & Hardening Scan for SCG Corp | 1 For VA Scan | Subject : Quarterly Security Vulnerability Assessment Scan 2026 – Q1 | Date and Time : Plan to scan on 13–20 March 2026 | 2 For Hardening Scan | Subject : Scan for remaining server. | Date and Time : Plan to scan on 23 Mar 2026 –17 April 2026 | Related environment: | AWS Hub | GCP Hub | SCG Azure | On-prem | Form : DXC Request form for Firewall v3.7_SCG Corp.xlsx | State: | Assigned | Click | here | to view the item | Task Number: | TASK_ID | State: | Assigned | Assignment Group: | iNET Cloud Support Team | Service Provider: | iNET | Short Description: | Request to allow firewall for VA Scan 2026-Q1 & Hardening Scan for SCG Corp | Click | here | to view the task ||| TICKET_TYPE=catalog_task || TO=inetmscloud@inetms.co.th || SUBJECT=Catalog Task TASK_ID has been assigned to group iNET Cloud | Support Team || SHORT_DESC=Request to allow firewall for VA Scan 2026-Q1 & Hardening Scan for SCG Corp || ENV=AWS Hub | GCP Hub | SCG Azure | On-prem | Form : DXC Request form for Firewall v3.7_SCG Corp.xlsx || DESC=Request to allow firewall for VA Scan 2026-Q1 & Hardening Scan for SCG Corp
1 For VA Scan
Subject : Quarterly Security Vulnerability Assessment Scan 2026 – Q1
Date and Time : Plan to scan on 13–20 March 2026
2 For Hardening Scan
Subject : Scan for remaining server.
Date and Time : Plan to scan on 23 Mar 2026 –17 April 2026 || BODY=Request Number:
REQ_ID
Opened By:
Thanapol Tophati
Opened Date:
2026-03-01 09:10:35 ICT
Click
here
to view the request
Requested For:
Pornpinit Thanasutives
Email Address:
PORNPINT@SCG.COM
Service Request Number:
RITM_ID
Opened Date:
2026-03-01 09:10:35 ICT
Short Description:
Request to allow firewall for VA Scan 2026-Q1 & Hardening Scan for SCG Corp
Description:
Request to allow firewall for VA Scan 2026-Q1 & Hardening Scan for SCG Corp
1 For VA Scan
Subject : Quarterly Security Vulnerability Assessment Scan 2026 – Q1
Date and Time : Plan to scan on 13–20 March 2026
2 For Hardening Scan
Subject : Scan for remaining server.
Date and Time : Plan to scan on 23 Mar 2026 –17 April 2026
Related environment:
AWS Hub
GCP Hub
SCG Azure
On-prem
Form : DXC Request form for Firewall v3.7_SCG Corp.xlsx
State:
Assigned
Click
here
to view the item
Task Number:
TASK_ID
State:
Assigned
Assignment Group:
iNET Cloud Support Team
Service Provider:
iNET
Short Description:
Request to allow firewall for VA Scan 2026-Q1 & Hardening Scan for SCG Corp
Click
here
to view the task || RULE_GCP_HUB=0 || RULE_AWS_HUB=0 || RULE_GCP_IP=0 || RULE_AWS_IP=0 || GCP_HEADER_HITS=0 || AWS_HEADER_HITS=0 || GCP_BODY_HITS=1 || AWS_BODY_HITS=2","TICKET_TYPE: catalog_task ||| TO_ADDRESS: inetmscloud@inetms.co.th ||| SUBJECT: Catalog Task TASK_ID has been assigned to group iNET Cloud | Support Team ||| SHORT_DESC: Request to allow firewall for VA Scan 2026-Q1 & Hardening Scan for SCG Corp ||| DETAIL: Request to allow firewall for VA Scan 2026-Q1 & Hardening Scan for SCG Corp
1 For VA Scan
Subject : Quarterly Security Vulnerability Assessment Scan 2026 – Q1
Date and Time : Plan to scan on 13–20 March 2026
2 For Hardening Scan
Subject : Scan for remaining server.
Date and Time : Plan to scan on 23 Mar 2026 –17 April 2026 ||| ENV: AWS Hub | GCP Hub | SCG Azure | On-prem | Form : DXC Request form for Firewall v3.7_SCG Corp.xlsx ||| BODY: Request Number:
REQ_ID
Opened By:
Thanapol Tophati
Opened Date:
2026-03-01 09:10:35 ICT
Click
here
to view the request
Requested For:
Pornpinit Thanasutives
Email Address:
PORNPINT@SCG.COM
Service Request Number:
RITM_ID
Opened Date:
2026-03-01 09:10:35 ICT
Short Description:
Request to allow firewall for VA Scan 2026-Q1 & Hardening Scan for SCG Corp
Description:
Request to allow firewall for VA Scan 2026-Q1 & Hardening Scan for SCG Corp
1 For VA Scan
Subject : Quarterly Security Vulnerability Assessment Scan 2026 – Q1
Date and Time : Plan to scan on 13–20 March 2026
2 For Hardening Scan
Subject : Scan for remaining server.
Date and Time : Plan to scan on 23 Mar 2026 –17 April 2026
Related environment:
AWS Hub
GCP Hub
SCG Azure
On-prem
Form : DXC Request form for Firewall v3.7_SCG Corp.xlsx
State:
Assigned
Click
here
to view the item
Task Number:
TASK_ID
State:
Assigned
Assignment Group:
iNET Cloud Support Team
Service Provider:
iNET
Short Description:
Request to allow firewall for VA Scan 2026-Q1 & Hardening Scan for SCG Corp
Click
here
to view the task"
TASK1621626,catalog_task,inetmscloud@inetms.co.th,Catalog Task TASK_ID has been assigned to group iNET Cloud | Support Team,ขอดำเนินการ Request allow SCG Firewall for Servers access SSL to DXC WSUS server (เพิ่มเติม),"ขอดำเนินการ Request allow SCG Firewall for Servers access SSL to DXC WSUS server (เพิ่มเติม)
Form : DXC Request form for Firewall v3.7.xlsx
Description: ขอดำเนินการ Request allow SCG Firewall for Servers access SSL to DXC WSUS server (Enable HTTPS)",AWS Hub | GCP Hub | Chemicals Cloud | SCGJWD Cloud | SCG Azure | On-prem | iNET On-prem | SCGP Firewall | หมายเหตุ : ** หากมีการส่งอีเมลต่อในเคสนี้ รบกวนทำการนำอีเมล SUPHAKMO@SCG.COM ออกจากลูปค่ะ,"Request Number:
REQ_ID
Opened By:
Koffaree Wadengpong
Opened Date:
2026-02-16 15:24:10 ICT
Click
here
to view the request
Requested For:
Pornpinit Thanasutives
Email Address:
PORNPINT@SCG.COM
Service Request Number:
RITM_ID
Opened Date:
2026-02-16 15:24:10 ICT
Short Description:
ขอดำเนินการ Request allow SCG Firewall for Servers access SSL to DXC WSUS server (เพิ่มเติม)
Description:
ขอดำเนินการ Request allow SCG Firewall for Servers access SSL to DXC WSUS server (เพิ่มเติม)
Form : DXC Request form for Firewall v3.7.xlsx
Description: ขอดำเนินการ Request allow SCG Firewall for Servers access SSL to DXC WSUS server (Enable HTTPS)
Related environment:
AWS Hub
GCP Hub
Chemicals Cloud
SCGJWD Cloud
SCG Azure
On-prem
iNET On-prem
SCGP Firewall
หมายเหตุ : ** หากมีการส่งอีเมลต่อในเคสนี้ รบกวนทำการนำอีเมล SUPHAKMO@SCG.COM ออกจากลูปค่ะ
State:
Assigned
Click
here
to view the item
Task Number:
TASK_ID
State:
Assigned
Assignment Group:
iNET Cloud Support Team
Service Provider:
iNET
Short Description:
ขอดำเนินการ Request allow SCG Firewall for Servers access SSL to DXC WSUS server (เพิ่มเติม)
Click
here
to view the task",ticket_type: catalog_task [SEP] to_address: inetmscloud@inetms.co.th [SEP] subject: Catalog Task TASK_ID has been assigned to group iNET Cloud | Support Team [SEP] short_desc: ขอดำเนินการ Request allow SCG Firewall for Servers access SSL to DXC WSUS server (เพิ่มเติม) [SEP] description: ขอดำเนินการ Request allow SCG Firewall for Servers access SSL to DXC WSUS server (เพิ่มเติม) | Form : DXC Request form for Firewall v3.7.xlsx | Description: ขอดำเนินการ Request allow SCG Firewall for Servers access SSL to DXC WSUS server (Enable HTTPS) [SEP] related_env: AWS Hub | GCP Hub | Chemicals Cloud | SCGJWD Cloud | SCG Azure | On-prem | iNET On-prem | SCGP Firewall | หมายเหตุ : ** หากมีการส่งอีเมลต่อในเคสนี้ รบกวนทำการนำอีเมล SUPHAKMO@SCG.COM ออกจากลูปค่ะ [SEP] body: Request Number: | REQ_ID | Opened By: | Koffaree Wadengpong | Opened Date: | 2026-02-16 15:24:10 ICT | Click | here | to view the request | Requested For: | Pornpinit Thanasutives | Email Address: | PORNPINT@SCG.COM | Service Request Number: | RITM_ID | Opened Date: | 2026-02-16 15:24:10 ICT | Short Description: | ขอดำเนินการ Request allow SCG Firewall for Servers access SSL to DXC WSUS server (เพิ่มเติม) | Description: | ขอดำเนินการ Request allow SCG Firewall for Servers access SSL to DXC WSUS server (เพิ่มเติม) | Form : DXC Request form for Firewall v3.7.xlsx | Description: ขอดำเนินการ Request allow SCG Firewall for Servers access SSL to DXC WSUS server (Enable HTTPS) | Related environment: | AWS Hub | GCP Hub | Chemicals Cloud | SCGJWD Cloud | SCG Azure | On-prem | iNET On-prem | SCGP Firewall | หมายเหตุ : ** หากมีการส่งอีเมลต่อในเคสนี้ รบกวนทำการนำอีเมล SUPHAKMO@SCG.COM ออกจากลูปค่ะ | State: | Assigned | Click | here | to view the item | Task Number: | TASK_ID | State: | Assigned | Assignment Group: | iNET Cloud Support Team | Service Provider: | iNET | Short Description: | ขอดำเนินการ Request allow SCG Firewall for Servers access SSL to DXC WSUS server (เพิ่มเติม) | Click | here | to view the task,AWS Team,0,0,0,0,0,0,0,0,1,2,"TICKET_TYPE=catalog_task || TO=inetmscloud@inetms.co.th || SUBJECT=Catalog Task TASK_ID has been assigned to group iNET Cloud | Support Team || SHORT_DESC=ขอดำเนินการ Request allow SCG Firewall for Servers access SSL to DXC WSUS server (เพิ่มเติม) || ENV=AWS Hub | GCP Hub | Chemicals Cloud | SCGJWD Cloud | SCG Azure | On-prem | iNET On-prem | SCGP Firewall | หมายเหตุ : ** หากมีการส่งอีเมลต่อในเคสนี้ รบกวนทำการนำอีเมล SUPHAKMO@SCG.COM ออกจากลูปค่ะ || DESC=ขอดำเนินการ Request allow SCG Firewall for Servers access SSL to DXC WSUS server (เพิ่มเติม)
Form : DXC Request form for Firewall v3.7.xlsx
Description: ขอดำเนินการ Request allow SCG Firewall for Servers access SSL to DXC WSUS server (Enable HTTPS) || BODY=Request Number:
REQ_ID
Opened By:
Koffaree Wadengpong
Opened Date:
2026-02-16 15:24:10 ICT
Click
here
to view the request
Requested For:
Pornpinit Thanasutives
Email Address:
PORNPINT@SCG.COM
Service Request Number:
RITM_ID
Opened Date:
2026-02-16 15:24:10 ICT
Short Description:
ขอดำเนินการ Request allow SCG Firewall for Servers access SSL to DXC WSUS server (เพิ่มเติม)
Description:
ขอดำเนินการ Request allow SCG Firewall for Servers access SSL to DXC WSUS server (เพิ่มเติม)
Form : DXC Request form for Firewall v3.7.xlsx
Description: ขอดำเนินการ Request allow SCG Firewall for Servers access SSL to DXC WSUS server (Enable HTTPS)
Related environment:
AWS Hub
GCP Hub
Chemicals Cloud
SCGJWD Cloud
SCG Azure
On-prem
iNET On-prem
SCGP Firewall
หมายเหตุ : ** หากมีการส่งอีเมลต่อในเคสนี้ รบกวนทำการนำอีเมล SUPHAKMO@SCG.COM ออกจากลูปค่ะ
State:
Assigned
Click
here
to view the item
Task Number:
TASK_ID
State:
Assigned
Assignment Group:
iNET Cloud Support Team
Service Provider:
iNET
Short Description:
ขอดำเนินการ Request allow SCG Firewall for Servers access SSL to DXC WSUS server (เพิ่มเติม)
Click
here
to view the task || RULE_GCP_HUB=0 || RULE_AWS_HUB=0 || RULE_GCP_IP=0 || RULE_AWS_IP=0 || GCP_HEADER_HITS=0 || AWS_HEADER_HITS=0 || GCP_BODY_HITS=1 || AWS_BODY_HITS=2",,,"ticket_type: catalog_task [SEP] to_address: inetmscloud@inetms.co.th [SEP] subject: Catalog Task TASK_ID has been assigned to group iNET Cloud | Support Team [SEP] short_desc: ขอดำเนินการ Request allow SCG Firewall for Servers access SSL to DXC WSUS server (เพิ่มเติม) [SEP] description: ขอดำเนินการ Request allow SCG Firewall for Servers access SSL to DXC WSUS server (เพิ่มเติม) | Form : DXC Request form for Firewall v3.7.xlsx | Description: ขอดำเนินการ Request allow SCG Firewall for Servers access SSL to DXC WSUS server (Enable HTTPS) [SEP] related_env: AWS Hub | GCP Hub | Chemicals Cloud | SCGJWD Cloud | SCG Azure | On-prem | iNET On-prem | SCGP Firewall | หมายเหตุ : ** หากมีการส่งอีเมลต่อในเคสนี้ รบกวนทำการนำอีเมล SUPHAKMO@SCG.COM ออกจากลูปค่ะ [SEP] body: Request Number: | REQ_ID | Opened By: | Koffaree Wadengpong | Opened Date: | 2026-02-16 15:24:10 ICT | Click | here | to view the request | Requested For: | Pornpinit Thanasutives | Email Address: | PORNPINT@SCG.COM | Service Request Number: | RITM_ID | Opened Date: | 2026-02-16 15:24:10 ICT | Short Description: | ขอดำเนินการ Request allow SCG Firewall for Servers access SSL to DXC WSUS server (เพิ่มเติม) | Description: | ขอดำเนินการ Request allow SCG Firewall for Servers access SSL to DXC WSUS server (เพิ่มเติม) | Form : DXC Request form for Firewall v3.7.xlsx | Description: ขอดำเนินการ Request allow SCG Firewall for Servers access SSL to DXC WSUS server (Enable HTTPS) | Related environment: | AWS Hub | GCP Hub | Chemicals Cloud | SCGJWD Cloud | SCG Azure | On-prem | iNET On-prem | SCGP Firewall | หมายเหตุ : ** หากมีการส่งอีเมลต่อในเคสนี้ รบกวนทำการนำอีเมล SUPHAKMO@SCG.COM ออกจากลูปค่ะ | State: | Assigned | Click | here | to view the item | Task Number: | TASK_ID | State: | Assigned | Assignment Group: | iNET Cloud Support Team | Service Provider: | iNET | Short Description: | ขอดำเนินการ Request allow SCG Firewall for Servers access SSL to DXC WSUS server (เพิ่มเติม) | Click | here | to view the task ||| TICKET_TYPE=catalog_task || TO=inetmscloud@inetms.co.th || SUBJECT=Catalog Task TASK_ID has been assigned to group iNET Cloud | Support Team || SHORT_DESC=ขอดำเนินการ Request allow SCG Firewall for Servers access SSL to DXC WSUS server (เพิ่มเติม) || ENV=AWS Hub | GCP Hub | Chemicals Cloud | SCGJWD Cloud | SCG Azure | On-prem | iNET On-prem | SCGP Firewall | หมายเหตุ : ** หากมีการส่งอีเมลต่อในเคสนี้ รบกวนทำการนำอีเมล SUPHAKMO@SCG.COM ออกจากลูปค่ะ || DESC=ขอดำเนินการ Request allow SCG Firewall for Servers access SSL to DXC WSUS server (เพิ่มเติม)
Form : DXC Request form for Firewall v3.7.xlsx
Description: ขอดำเนินการ Request allow SCG Firewall for Servers access SSL to DXC WSUS server (Enable HTTPS) || BODY=Request Number:
REQ_ID
Opened By:
Koffaree Wadengpong
Opened Date:
2026-02-16 15:24:10 ICT
Click
here
to view the request
Requested For:
Pornpinit Thanasutives
Email Address:
PORNPINT@SCG.COM
Service Request Number:
RITM_ID
Opened Date:
2026-02-16 15:24:10 ICT
Short Description:
ขอดำเนินการ Request allow SCG Firewall for Servers access SSL to DXC WSUS server (เพิ่มเติม)
Description:
ขอดำเนินการ Request allow SCG Firewall for Servers access SSL to DXC WSUS server (เพิ่มเติม)
Form : DXC Request form for Firewall v3.7.xlsx
Description: ขอดำเนินการ Request allow SCG Firewall for Servers access SSL to DXC WSUS server (Enable HTTPS)
Related environment:
AWS Hub
GCP Hub
Chemicals Cloud
SCGJWD Cloud
SCG Azure
On-prem
iNET On-prem
SCGP Firewall
หมายเหตุ : ** หากมีการส่งอีเมลต่อในเคสนี้ รบกวนทำการนำอีเมล SUPHAKMO@SCG.COM ออกจากลูปค่ะ
State:
Assigned
Click
here
to view the item
Task Number:
TASK_ID
State:
Assigned
Assignment Group:
iNET Cloud Support Team
Service Provider:
iNET
Short Description:
ขอดำเนินการ Request allow SCG Firewall for Servers access SSL to DXC WSUS server (เพิ่มเติม)
Click
here
to view the task || RULE_GCP_HUB=0 || RULE_AWS_HUB=0 || RULE_GCP_IP=0 || RULE_AWS_IP=0 || GCP_HEADER_HITS=0 || AWS_HEADER_HITS=0 || GCP_BODY_HITS=1 || AWS_BODY_HITS=2","TICKET_TYPE: catalog_task ||| TO_ADDRESS: inetmscloud@inetms.co.th ||| SUBJECT: Catalog Task TASK_ID has been assigned to group iNET Cloud | Support Team ||| SHORT_DESC: ขอดำเนินการ Request allow SCG Firewall for Servers access SSL to DXC WSUS server (เพิ่มเติม) ||| DETAIL: ขอดำเนินการ Request allow SCG Firewall for Servers access SSL to DXC WSUS server (เพิ่มเติม)
Form : DXC Request form for Firewall v3.7.xlsx
Description: ขอดำเนินการ Request allow SCG Firewall for Servers access SSL to DXC WSUS server (Enable HTTPS) ||| ENV: AWS Hub | GCP Hub | Chemicals Cloud | SCGJWD Cloud | SCG Azure | On-prem | iNET On-prem | SCGP Firewall | หมายเหตุ : ** หากมีการส่งอีเมลต่อในเคสนี้ รบกวนทำการนำอีเมล SUPHAKMO@SCG.COM ออกจากลูปค่ะ ||| BODY: Request Number:
REQ_ID
Opened By:
Koffaree Wadengpong
Opened Date:
2026-02-16 15:24:10 ICT
Click
here
to view the request
Requested For:
Pornpinit Thanasutives
Email Address:
PORNPINT@SCG.COM
Service Request Number:
RITM_ID
Opened Date:
2026-02-16 15:24:10 ICT
Short Description:
ขอดำเนินการ Request allow SCG Firewall for Servers access SSL to DXC WSUS server (เพิ่มเติม)
Description:
ขอดำเนินการ Request allow SCG Firewall for Servers access SSL to DXC WSUS server (เพิ่มเติม)
Form : DXC Request form for Firewall v3.7.xlsx
Description: ขอดำเนินการ Request allow SCG Firewall for Servers access SSL to DXC WSUS server (Enable HTTPS)
Related environment:
AWS Hub
GCP Hub
Chemicals Cloud
SCGJWD Cloud
SCG Azure
On-prem
iNET On-prem
SCGP Firewall
หมายเหตุ : ** หากมีการส่งอีเมลต่อในเคสนี้ รบกวนทำการนำอีเมล SUPHAKMO@SCG.COM ออกจากลูปค่ะ
State:
Assigned
Click
here
to view the item
Task Number:
TASK_ID
State:
Assigned
Assignment Group:
iNET Cloud Support Team
Service Provider:
iNET
Short Description:
ขอดำเนินการ Request allow SCG Firewall for Servers access SSL to DXC WSUS server (เพิ่มเติม)
Click
here
to view the task"
TASK1616400,catalog_task,inetmscloud@inetms.co.th,Catalog Task TASK_ID has been assigned to group iNET Cloud | Support Team,ขอ allow SCG Firewall for Servers access SSL to DXC WSUS server,"ขอ allow SCG Firewall for Servers access SSL to DXC WSUS server
ขอดำเนินการ Request allow SCG Firewall for Servers access SSL to DXC WSUS server (Enable HTTPS)",On-prem | GCP Hub | AWS Hub | Chemical cloud | SCGJWD Cloud | SCG Azure | INET On-prem | SCGP Firewall | File : | -RITM0835539_DXC Request form for Firewall v3.7.xlsx,"Request Number:
REQ_ID
Opened By:
Pattanan Sukkasem
Opened Date:
2026-02-04 16:27:31 ICT
Click
here
to view the request
Requested For:
Pornpinit Thanasutives
Email Address:
PORNPINT@SCG.COM
Service Request Number:
RITM_ID
Opened Date:
2026-02-04 16:27:31 ICT
Short Description:
ขอ allow SCG Firewall for Servers access SSL to DXC WSUS server
Description:
ขอ allow SCG Firewall for Servers access SSL to DXC WSUS server
ขอดำเนินการ Request allow SCG Firewall for Servers access SSL to DXC WSUS server (Enable HTTPS)
Related environment:
On-prem
GCP Hub
AWS Hub
Chemical cloud
SCGJWD Cloud
SCG Azure
INET On-prem
SCGP Firewall
File :
-RITM0835539_DXC Request form for Firewall v3.7.xlsx
State:
Awaiting Approval
Click
here
to view the item
Task Number:
TASK_ID
State:
Assigned
Assignment Group:
iNET Cloud Support Team
Service Provider:
iNET
Short Description:
ขอ allow SCG Firewall for Servers access SSL to DXC WSUS server
Click
here
to view the task",ticket_type: catalog_task [SEP] to_address: inetmscloud@inetms.co.th [SEP] subject: Catalog Task TASK_ID has been assigned to group iNET Cloud | Support Team [SEP] short_desc: ขอ allow SCG Firewall for Servers access SSL to DXC WSUS server [SEP] description: ขอ allow SCG Firewall for Servers access SSL to DXC WSUS server | ขอดำเนินการ Request allow SCG Firewall for Servers access SSL to DXC WSUS server (Enable HTTPS) [SEP] related_env: On-prem | GCP Hub | AWS Hub | Chemical cloud | SCGJWD Cloud | SCG Azure | INET On-prem | SCGP Firewall | File : | -RITM0835539_DXC Request form for Firewall v3.7.xlsx [SEP] body: Request Number: | REQ_ID | Opened By: | Pattanan Sukkasem | Opened Date: | 2026-02-04 16:27:31 ICT | Click | here | to view the request | Requested For: | Pornpinit Thanasutives | Email Address: | PORNPINT@SCG.COM | Service Request Number: | RITM_ID | Opened Date: | 2026-02-04 16:27:31 ICT | Short Description: | ขอ allow SCG Firewall for Servers access SSL to DXC WSUS server | Description: | ขอ allow SCG Firewall for Servers access SSL to DXC WSUS server | ขอดำเนินการ Request allow SCG Firewall for Servers access SSL to DXC WSUS server (Enable HTTPS) | Related environment: | On-prem | GCP Hub | AWS Hub | Chemical cloud | SCGJWD Cloud | SCG Azure | INET On-prem | SCGP Firewall | File : | -RITM0835539_DXC Request form for Firewall v3.7.xlsx | State: | Awaiting Approval | Click | here | to view the item | Task Number: | TASK_ID | State: | Assigned | Assignment Group: | iNET Cloud Support Team | Service Provider: | iNET | Short Description: | ขอ allow SCG Firewall for Servers access SSL to DXC WSUS server | Click | here | to view the task,AWS Team,0,0,0,0,0,0,0,0,1,2,"TICKET_TYPE=catalog_task || TO=inetmscloud@inetms.co.th || SUBJECT=Catalog Task TASK_ID has been assigned to group iNET Cloud | Support Team || SHORT_DESC=ขอ allow SCG Firewall for Servers access SSL to DXC WSUS server || ENV=On-prem | GCP Hub | AWS Hub | Chemical cloud | SCGJWD Cloud | SCG Azure | INET On-prem | SCGP Firewall | File : | -RITM0835539_DXC Request form for Firewall v3.7.xlsx || DESC=ขอ allow SCG Firewall for Servers access SSL to DXC WSUS server
ขอดำเนินการ Request allow SCG Firewall for Servers access SSL to DXC WSUS server (Enable HTTPS) || BODY=Request Number:
REQ_ID
Opened By:
Pattanan Sukkasem
Opened Date:
2026-02-04 16:27:31 ICT
Click
here
to view the request
Requested For:
Pornpinit Thanasutives
Email Address:
PORNPINT@SCG.COM
Service Request Number:
RITM_ID
Opened Date:
2026-02-04 16:27:31 ICT
Short Description:
ขอ allow SCG Firewall for Servers access SSL to DXC WSUS server
Description:
ขอ allow SCG Firewall for Servers access SSL to DXC WSUS server
ขอดำเนินการ Request allow SCG Firewall for Servers access SSL to DXC WSUS server (Enable HTTPS)
Related environment:
On-prem
GCP Hub
AWS Hub
Chemical cloud
SCGJWD Cloud
SCG Azure
INET On-prem
SCGP Firewall
File :
-RITM0835539_DXC Request form for Firewall v3.7.xlsx
State:
Awaiting Approval
Click
here
to view the item
Task Number:
TASK_ID
State:
Assigned
Assignment Group:
iNET Cloud Support Team
Service Provider:
iNET
Short Description:
ขอ allow SCG Firewall for Servers access SSL to DXC WSUS server
Click
here
to view the task || RULE_GCP_HUB=0 || RULE_AWS_HUB=0 || RULE_GCP_IP=0 || RULE_AWS_IP=0 || GCP_HEADER_HITS=0 || AWS_HEADER_HITS=0 || GCP_BODY_HITS=1 || AWS_BODY_HITS=2",,,"ticket_type: catalog_task [SEP] to_address: inetmscloud@inetms.co.th [SEP] subject: Catalog Task TASK_ID has been assigned to group iNET Cloud | Support Team [SEP] short_desc: ขอ allow SCG Firewall for Servers access SSL to DXC WSUS server [SEP] description: ขอ allow SCG Firewall for Servers access SSL to DXC WSUS server | ขอดำเนินการ Request allow SCG Firewall for Servers access SSL to DXC WSUS server (Enable HTTPS) [SEP] related_env: On-prem | GCP Hub | AWS Hub | Chemical cloud | SCGJWD Cloud | SCG Azure | INET On-prem | SCGP Firewall | File : | -RITM0835539_DXC Request form for Firewall v3.7.xlsx [SEP] body: Request Number: | REQ_ID | Opened By: | Pattanan Sukkasem | Opened Date: | 2026-02-04 16:27:31 ICT | Click | here | to view the request | Requested For: | Pornpinit Thanasutives | Email Address: | PORNPINT@SCG.COM | Service Request Number: | RITM_ID | Opened Date: | 2026-02-04 16:27:31 ICT | Short Description: | ขอ allow SCG Firewall for Servers access SSL to DXC WSUS server | Description: | ขอ allow SCG Firewall for Servers access SSL to DXC WSUS server | ขอดำเนินการ Request allow SCG Firewall for Servers access SSL to DXC WSUS server (Enable HTTPS) | Related environment: | On-prem | GCP Hub | AWS Hub | Chemical cloud | SCGJWD Cloud | SCG Azure | INET On-prem | SCGP Firewall | File : | -RITM0835539_DXC Request form for Firewall v3.7.xlsx | State: | Awaiting Approval | Click | here | to view the item | Task Number: | TASK_ID | State: | Assigned | Assignment Group: | iNET Cloud Support Team | Service Provider: | iNET | Short Description: | ขอ allow SCG Firewall for Servers access SSL to DXC WSUS server | Click | here | to view the task ||| TICKET_TYPE=catalog_task || TO=inetmscloud@inetms.co.th || SUBJECT=Catalog Task TASK_ID has been assigned to group iNET Cloud | Support Team || SHORT_DESC=ขอ allow SCG Firewall for Servers access SSL to DXC WSUS server || ENV=On-prem | GCP Hub | AWS Hub | Chemical cloud | SCGJWD Cloud | SCG Azure | INET On-prem | SCGP Firewall | File : | -RITM0835539_DXC Request form for Firewall v3.7.xlsx || DESC=ขอ allow SCG Firewall for Servers access SSL to DXC WSUS server
ขอดำเนินการ Request allow SCG Firewall for Servers access SSL to DXC WSUS server (Enable HTTPS) || BODY=Request Number:
REQ_ID
Opened By:
Pattanan Sukkasem
Opened Date:
2026-02-04 16:27:31 ICT
Click
here
to view the request
Requested For:
Pornpinit Thanasutives
Email Address:
PORNPINT@SCG.COM
Service Request Number:
RITM_ID
Opened Date:
2026-02-04 16:27:31 ICT
Short Description:
ขอ allow SCG Firewall for Servers access SSL to DXC WSUS server
Description:
ขอ allow SCG Firewall for Servers access SSL to DXC WSUS server
ขอดำเนินการ Request allow SCG Firewall for Servers access SSL to DXC WSUS server (Enable HTTPS)
Related environment:
On-prem
GCP Hub
AWS Hub
Chemical cloud
SCGJWD Cloud
SCG Azure
INET On-prem
SCGP Firewall
File :
-RITM0835539_DXC Request form for Firewall v3.7.xlsx
State:
Awaiting Approval
Click
here
to view the item
Task Number:
TASK_ID
State:
Assigned
Assignment Group:
iNET Cloud Support Team
Service Provider:
iNET
Short Description:
ขอ allow SCG Firewall for Servers access SSL to DXC WSUS server
Click
here
to view the task || RULE_GCP_HUB=0 || RULE_AWS_HUB=0 || RULE_GCP_IP=0 || RULE_AWS_IP=0 || GCP_HEADER_HITS=0 || AWS_HEADER_HITS=0 || GCP_BODY_HITS=1 || AWS_BODY_HITS=2","TICKET_TYPE: catalog_task ||| TO_ADDRESS: inetmscloud@inetms.co.th ||| SUBJECT: Catalog Task TASK_ID has been assigned to group iNET Cloud | Support Team ||| SHORT_DESC: ขอ allow SCG Firewall for Servers access SSL to DXC WSUS server ||| DETAIL: ขอ allow SCG Firewall for Servers access SSL to DXC WSUS server
ขอดำเนินการ Request allow SCG Firewall for Servers access SSL to DXC WSUS server (Enable HTTPS) ||| ENV: On-prem | GCP Hub | AWS Hub | Chemical cloud | SCGJWD Cloud | SCG Azure | INET On-prem | SCGP Firewall | File : | -RITM0835539_DXC Request form for Firewall v3.7.xlsx ||| BODY: Request Number:
REQ_ID
Opened By:
Pattanan Sukkasem
Opened Date:
2026-02-04 16:27:31 ICT
Click
here
to view the request
Requested For:
Pornpinit Thanasutives
Email Address:
PORNPINT@SCG.COM
Service Request Number:
RITM_ID
Opened Date:
2026-02-04 16:27:31 ICT
Short Description:
ขอ allow SCG Firewall for Servers access SSL to DXC WSUS server
Description:
ขอ allow SCG Firewall for Servers access SSL to DXC WSUS server
ขอดำเนินการ Request allow SCG Firewall for Servers access SSL to DXC WSUS server (Enable HTTPS)
Related environment:
On-prem
GCP Hub
AWS Hub
Chemical cloud
SCGJWD Cloud
SCG Azure
INET On-prem
SCGP Firewall
File :
-RITM0835539_DXC Request form for Firewall v3.7.xlsx
State:
Awaiting Approval
Click
here
to view the item
Task Number:
TASK_ID
State:
Assigned
Assignment Group:
iNET Cloud Support Team
Service Provider:
iNET
Short Description:
ขอ allow SCG Firewall for Servers access SSL to DXC WSUS server
Click
here
to view the task"
TASK1602911,catalog_task,inetmscloud@inetms.co.th,Catalog Task TASK_ID has been assigned to group iNET Cloud | Support Team,Request to Firewall of STC connect AWS WorkSpace (SAP MHM),Request to Firewall of STC connect AWS WorkSpace (SAP MHM),AWS Hub | Chemicals Cloud | On-prem | Info: RITM0829166_STC_AWS Workspace Rquest form for Firewall v3.7_V1.2.xlsx,"Request Number:
REQ_ID
Opened By:
Nachcha Suriyapol
Opened Date:
2026-01-08 21:49:57 ICT
Click
here
to view the request
Requested For:
Paisan Porndiragsub
Business Phone:
038-912-000 Ext. 2777 , 038-912778
Email Address:
PAISANPO@SCG.COM
Service Request Number:
RITM_ID
Opened Date:
2026-01-08 21:49:57 ICT
Short Description:
Request to Firewall of STC connect AWS WorkSpace (SAP MHM)
Description:
Request to Firewall of STC connect AWS WorkSpace (SAP MHM)
Related environment:
AWS Hub
Chemicals Cloud
On-prem
Info: RITM0829166_STC_AWS Workspace Rquest form for Firewall v3.7_V1.2.xlsx
State:
Assigned
Click
here
to view the item
Task Number:
TASK_ID
State:
Assigned
Assignment Group:
iNET Cloud Support Team
Service Provider:
iNET
Short Description:
Request to Firewall of STC connect AWS WorkSpace (SAP MHM)
Click
here
to view the task","ticket_type: catalog_task [SEP] to_address: inetmscloud@inetms.co.th [SEP] subject: Catalog Task TASK_ID has been assigned to group iNET Cloud | Support Team [SEP] short_desc: Request to Firewall of STC connect AWS WorkSpace (SAP MHM) [SEP] description: Request to Firewall of STC connect AWS WorkSpace (SAP MHM) [SEP] related_env: AWS Hub | Chemicals Cloud | On-prem | Info: RITM0829166_STC_AWS Workspace Rquest form for Firewall v3.7_V1.2.xlsx [SEP] body: Request Number: | REQ_ID | Opened By: | Nachcha Suriyapol | Opened Date: | 2026-01-08 21:49:57 ICT | Click | here | to view the request | Requested For: | Paisan Porndiragsub | Business Phone: | 038-912-000 Ext. 2777 , 038-912778 | Email Address: | PAISANPO@SCG.COM | Service Request Number: | RITM_ID | Opened Date: | 2026-01-08 21:49:57 ICT | Short Description: | Request to Firewall of STC connect AWS WorkSpace (SAP MHM) | Description: | Request to Firewall of STC connect AWS WorkSpace (SAP MHM) | Related environment: | AWS Hub | Chemicals Cloud | On-prem | Info: RITM0829166_STC_AWS Workspace Rquest form for Firewall v3.7_V1.2.xlsx | State: | Assigned | Click | here | to view the item | Task Number: | TASK_ID | State: | Assigned | Assignment Group: | iNET Cloud Support Team | Service Provider: | iNET | Short Description: | Request to Firewall of STC connect AWS WorkSpace (SAP MHM) | Click | here | to view the task",AWS Team,0,0,0,0,0,0,1,1,1,2,"TICKET_TYPE=catalog_task || TO=inetmscloud@inetms.co.th || SUBJECT=Catalog Task TASK_ID has been assigned to group iNET Cloud | Support Team || SHORT_DESC=Request to Firewall of STC connect AWS WorkSpace (SAP MHM) || ENV=AWS Hub | Chemicals Cloud | On-prem | Info: RITM0829166_STC_AWS Workspace Rquest form for Firewall v3.7_V1.2.xlsx || DESC=Request to Firewall of STC connect AWS WorkSpace (SAP MHM) || BODY=Request Number:
REQ_ID
Opened By:
Nachcha Suriyapol
Opened Date:
2026-01-08 21:49:57 ICT
Click
here
to view the request
Requested For:
Paisan Porndiragsub
Business Phone:
038-912-000 Ext. 2777 , 038-912778
Email Address:
PAISANPO@SCG.COM
Service Request Number:
RITM_ID
Opened Date:
2026-01-08 21:49:57 ICT
Short Description:
Request to Firewall of STC connect AWS WorkSpace (SAP MHM)
Description:
Request to Firewall of STC connect AWS WorkSpace (SAP MHM)
Related environment:
AWS Hub
Chemicals Cloud
On-prem
Info: RITM0829166_STC_AWS Workspace Rquest form for Firewall v3.7_V1.2.xlsx
State:
Assigned
Click
here
to view the item
Task Number:
TASK_ID
State:
Assigned
Assignment Group:
iNET Cloud Support Team
Service Provider:
iNET
Short Description:
Request to Firewall of STC connect AWS WorkSpace (SAP MHM)
Click
here
to view the task || RULE_GCP_HUB=0 || RULE_AWS_HUB=0 || RULE_GCP_IP=0 || RULE_AWS_IP=0 || GCP_HEADER_HITS=1 || AWS_HEADER_HITS=1 || GCP_BODY_HITS=1 || AWS_BODY_HITS=2",,,"ticket_type: catalog_task [SEP] to_address: inetmscloud@inetms.co.th [SEP] subject: Catalog Task TASK_ID has been assigned to group iNET Cloud | Support Team [SEP] short_desc: Request to Firewall of STC connect AWS WorkSpace (SAP MHM) [SEP] description: Request to Firewall of STC connect AWS WorkSpace (SAP MHM) [SEP] related_env: AWS Hub | Chemicals Cloud | On-prem | Info: RITM0829166_STC_AWS Workspace Rquest form for Firewall v3.7_V1.2.xlsx [SEP] body: Request Number: | REQ_ID | Opened By: | Nachcha Suriyapol | Opened Date: | 2026-01-08 21:49:57 ICT | Click | here | to view the request | Requested For: | Paisan Porndiragsub | Business Phone: | 038-912-000 Ext. 2777 , 038-912778 | Email Address: | PAISANPO@SCG.COM | Service Request Number: | RITM_ID | Opened Date: | 2026-01-08 21:49:57 ICT | Short Description: | Request to Firewall of STC connect AWS WorkSpace (SAP MHM) | Description: | Request to Firewall of STC connect AWS WorkSpace (SAP MHM) | Related environment: | AWS Hub | Chemicals Cloud | On-prem | Info: RITM0829166_STC_AWS Workspace Rquest form for Firewall v3.7_V1.2.xlsx | State: | Assigned | Click | here | to view the item | Task Number: | TASK_ID | State: | Assigned | Assignment Group: | iNET Cloud Support Team | Service Provider: | iNET | Short Description: | Request to Firewall of STC connect AWS WorkSpace (SAP MHM) | Click | here | to view the task ||| TICKET_TYPE=catalog_task || TO=inetmscloud@inetms.co.th || SUBJECT=Catalog Task TASK_ID has been assigned to group iNET Cloud | Support Team || SHORT_DESC=Request to Firewall of STC connect AWS WorkSpace (SAP MHM) || ENV=AWS Hub | Chemicals Cloud | On-prem | Info: RITM0829166_STC_AWS Workspace Rquest form for Firewall v3.7_V1.2.xlsx || DESC=Request to Firewall of STC connect AWS WorkSpace (SAP MHM) || BODY=Request Number:
REQ_ID
Opened By:
Nachcha Suriyapol
Opened Date:
2026-01-08 21:49:57 ICT
Click
here
to view the request
Requested For:
Paisan Porndiragsub
Business Phone:
038-912-000 Ext. 2777 , 038-912778
Email Address:
PAISANPO@SCG.COM
Service Request Number:
RITM_ID
Opened Date:
2026-01-08 21:49:57 ICT
Short Description:
Request to Firewall of STC connect AWS WorkSpace (SAP MHM)
Description:
Request to Firewall of STC connect AWS WorkSpace (SAP MHM)
Related environment:
AWS Hub
Chemicals Cloud
On-prem
Info: RITM0829166_STC_AWS Workspace Rquest form for Firewall v3.7_V1.2.xlsx
State:
Assigned
Click
here
to view the item
Task Number:
TASK_ID
State:
Assigned
Assignment Group:
iNET Cloud Support Team
Service Provider:
iNET
Short Description:
Request to Firewall of STC connect AWS WorkSpace (SAP MHM)
Click
here
to view the task || RULE_GCP_HUB=0 || RULE_AWS_HUB=0 || RULE_GCP_IP=0 || RULE_AWS_IP=0 || GCP_HEADER_HITS=1 || AWS_HEADER_HITS=1 || GCP_BODY_HITS=1 || AWS_BODY_HITS=2","TICKET_TYPE: catalog_task ||| TO_ADDRESS: inetmscloud@inetms.co.th ||| SUBJECT: Catalog Task TASK_ID has been assigned to group iNET Cloud | Support Team ||| SHORT_DESC: Request to Firewall of STC connect AWS WorkSpace (SAP MHM) ||| DETAIL: Request to Firewall of STC connect AWS WorkSpace (SAP MHM) ||| ENV: AWS Hub | Chemicals Cloud | On-prem | Info: RITM0829166_STC_AWS Workspace Rquest form for Firewall v3.7_V1.2.xlsx ||| BODY: Request Number:
REQ_ID
Opened By:
Nachcha Suriyapol
Opened Date:
2026-01-08 21:49:57 ICT
Click
here
to view the request
Requested For:
Paisan Porndiragsub
Business Phone:
038-912-000 Ext. 2777 , 038-912778
Email Address:
PAISANPO@SCG.COM
Service Request Number:
RITM_ID
Opened Date:
2026-01-08 21:49:57 ICT
Short Description:
Request to Firewall of STC connect AWS WorkSpace (SAP MHM)
Description:
Request to Firewall of STC connect AWS WorkSpace (SAP MHM)
Related environment:
AWS Hub
Chemicals Cloud
On-prem
Info: RITM0829166_STC_AWS Workspace Rquest form for Firewall v3.7_V1.2.xlsx
State:
Assigned
Click
here
to view the item
Task Number:
TASK_ID
State:
Assigned
Assignment Group:
iNET Cloud Support Team
Service Provider:
iNET
Short Description:
Request to Firewall of STC connect AWS WorkSpace (SAP MHM)
Click
here
to view the task"
TASK1580851,catalog_task,inetmscloud@inetms.co.th,Catalog Task TASK_ID has been assigned to group iNET Cloud | Support Team,[ด่วน ดำเนินการรอบวันพฤหัส 20/11/25] ขอ allow firewall เพื่อให้ Customer portal และ VPN vendor สามารถ เชื่อมต่อ Agent product info for employee CIP,"[ด่วน ดำเนินการรอบวันพฤหัส 20/11/25] ขอ allow firewall เพื่อให้ Customer portal และ VPN vendor สามารถ เชื่อมต่อ Agent product info for employee CIP
Attach File
- แนบ3 - NDA_Template_SCGP_TH_LazyInnovator.pdf
- DXC Request form for Firewall v3.7_SCGPCustomerPortal_2025_11_17.xlsx",,"Request Number:
REQ_ID
Opened By:
Piyawan Laingern
Opened Date:
2025-11-17 12:48:07 ICT
Click
here
to view the request
Requested For:
Pattaratorn Vipattanaporn
Email Address:
PATTARAV@SCG.COM
Service Request Number:
RITM_ID
Opened Date:
2025-11-17 12:48:07 ICT
Short Description:
[ด่วน ดำเนินการรอบวันพฤหัส 20/11/25] ขอ allow firewall เพื่อให้ Customer portal และ VPN vendor สามารถ เชื่อมต่อ Agent product info for employee CIP
Description:
[ด่วน ดำเนินการรอบวันพฤหัส 20/11/25] ขอ allow firewall เพื่อให้ Customer portal และ VPN vendor สามารถ เชื่อมต่อ Agent product info for employee CIP
Attach File
- แนบ3 - NDA_Template_SCGP_TH_LazyInnovator.pdf
- DXC Request form for Firewall v3.7_SCGPCustomerPortal_2025_11_17.xlsx
State:
Assigned
Click
here
to view the item
Task Number:
TASK_ID
State:
Assigned
Assignment Group:
iNET Cloud Support Team
Service Provider:
iNET
Short Description:
[ด่วน ดำเนินการรอบวันพฤหัส 20/11/25] ขอ allow firewall เพื่อให้ Customer portal และ VPN vendor สามารถ เชื่อมต่อ Agent product info for employee CIP
Click
here
to view the task",ticket_type: catalog_task [SEP] to_address: inetmscloud@inetms.co.th [SEP] subject: Catalog Task TASK_ID has been assigned to group iNET Cloud | Support Team [SEP] short_desc: [ด่วน ดำเนินการรอบวันพฤหัส 20/11/25] ขอ allow firewall เพื่อให้ Customer portal และ VPN vendor สามารถ เชื่อมต่อ Agent product info for employee CIP [SEP] description: [ด่วน ดำเนินการรอบวันพฤหัส 20/11/25] ขอ allow firewall เพื่อให้ Customer portal และ VPN vendor สามารถ เชื่อมต่อ Agent product info for employee CIP | Attach File | - แนบ3 - NDA_Template_SCGP_TH_LazyInnovator.pdf | - DXC Request form for Firewall v3.7_SCGPCustomerPortal_2025_11_17.xlsx [SEP] body: Request Number: | REQ_ID | Opened By: | Piyawan Laingern | Opened Date: | 2025-11-17 12:48:07 ICT | Click | here | to view the request | Requested For: | Pattaratorn Vipattanaporn | Email Address: | PATTARAV@SCG.COM | Service Request Number: | RITM_ID | Opened Date: | 2025-11-17 12:48:07 ICT | Short Description: | [ด่วน ดำเนินการรอบวันพฤหัส 20/11/25] ขอ allow firewall เพื่อให้ Customer portal และ VPN vendor สามารถ เชื่อมต่อ Agent product info for employee CIP | Description: | [ด่วน ดำเนินการรอบวันพฤหัส 20/11/25] ขอ allow firewall เพื่อให้ Customer portal และ VPN vendor สามารถ เชื่อมต่อ Agent product info for employee CIP | Attach File | - แนบ3 - NDA_Template_SCGP_TH_LazyInnovator.pdf | - DXC Request form for Firewall v3.7_SCGPCustomerPortal_2025_11_17.xlsx | State: | Assigned | Click | here | to view the item | Task Number: | TASK_ID | State: | Assigned | Assignment Group: | iNET Cloud Support Team | Service Provider: | iNET | Short Description: | [ด่วน ดำเนินการรอบวันพฤหัส 20/11/25] ขอ allow firewall เพื่อให้ Customer portal และ VPN vendor สามารถ เชื่อมต่อ Agent product info for employee CIP | Click | here | to view the task,GCP Team,0,0,0,0,0,0,0,0,0,0,"TICKET_TYPE=catalog_task || TO=inetmscloud@inetms.co.th || SUBJECT=Catalog Task TASK_ID has been assigned to group iNET Cloud | Support Team || SHORT_DESC=[ด่วน ดำเนินการรอบวันพฤหัส 20/11/25] ขอ allow firewall เพื่อให้ Customer portal และ VPN vendor สามารถ เชื่อมต่อ Agent product info for employee CIP || ENV= || DESC=[ด่วน ดำเนินการรอบวันพฤหัส 20/11/25] ขอ allow firewall เพื่อให้ Customer portal และ VPN vendor สามารถ เชื่อมต่อ Agent product info for employee CIP
Attach File
- แนบ3 - NDA_Template_SCGP_TH_LazyInnovator.pdf
- DXC Request form for Firewall v3.7_SCGPCustomerPortal_2025_11_17.xlsx || BODY=Request Number:
REQ_ID
Opened By:
Piyawan Laingern
Opened Date:
2025-11-17 12:48:07 ICT
Click
here
to view the request
Requested For:
Pattaratorn Vipattanaporn
Email Address:
PATTARAV@SCG.COM
Service Request Number:
RITM_ID
Opened Date:
2025-11-17 12:48:07 ICT
Short Description:
[ด่วน ดำเนินการรอบวันพฤหัส 20/11/25] ขอ allow firewall เพื่อให้ Customer portal และ VPN vendor สามารถ เชื่อมต่อ Agent product info for employee CIP
Description:
[ด่วน ดำเนินการรอบวันพฤหัส 20/11/25] ขอ allow firewall เพื่อให้ Customer portal และ VPN vendor สามารถ เชื่อมต่อ Agent product info for employee CIP
Attach File
- แนบ3 - NDA_Template_SCGP_TH_LazyInnovator.pdf
- DXC Request form for Firewall v3.7_SCGPCustomerPortal_2025_11_17.xlsx
State:
Assigned
Click
here
to view the item
Task Number:
TASK_ID
State:
Assigned
Assignment Group:
iNET Cloud Support Team
Service Provider:
iNET
Short Description:
[ด่วน ดำเนินการรอบวันพฤหัส 20/11/25] ขอ allow firewall เพื่อให้ Customer portal และ VPN vendor สามารถ เชื่อมต่อ Agent product info for employee CIP
Click
here
to view the task || RULE_GCP_HUB=0 || RULE_AWS_HUB=0 || RULE_GCP_IP=0 || RULE_AWS_IP=0 || GCP_HEADER_HITS=0 || AWS_HEADER_HITS=0 || GCP_BODY_HITS=0 || AWS_BODY_HITS=0",,,"ticket_type: catalog_task [SEP] to_address: inetmscloud@inetms.co.th [SEP] subject: Catalog Task TASK_ID has been assigned to group iNET Cloud | Support Team [SEP] short_desc: [ด่วน ดำเนินการรอบวันพฤหัส 20/11/25] ขอ allow firewall เพื่อให้ Customer portal และ VPN vendor สามารถ เชื่อมต่อ Agent product info for employee CIP [SEP] description: [ด่วน ดำเนินการรอบวันพฤหัส 20/11/25] ขอ allow firewall เพื่อให้ Customer portal และ VPN vendor สามารถ เชื่อมต่อ Agent product info for employee CIP | Attach File | - แนบ3 - NDA_Template_SCGP_TH_LazyInnovator.pdf | - DXC Request form for Firewall v3.7_SCGPCustomerPortal_2025_11_17.xlsx [SEP] body: Request Number: | REQ_ID | Opened By: | Piyawan Laingern | Opened Date: | 2025-11-17 12:48:07 ICT | Click | here | to view the request | Requested For: | Pattaratorn Vipattanaporn | Email Address: | PATTARAV@SCG.COM | Service Request Number: | RITM_ID | Opened Date: | 2025-11-17 12:48:07 ICT | Short Description: | [ด่วน ดำเนินการรอบวันพฤหัส 20/11/25] ขอ allow firewall เพื่อให้ Customer portal และ VPN vendor สามารถ เชื่อมต่อ Agent product info for employee CIP | Description: | [ด่วน ดำเนินการรอบวันพฤหัส 20/11/25] ขอ allow firewall เพื่อให้ Customer portal และ VPN vendor สามารถ เชื่อมต่อ Agent product info for employee CIP | Attach File | - แนบ3 - NDA_Template_SCGP_TH_LazyInnovator.pdf | - DXC Request form for Firewall v3.7_SCGPCustomerPortal_2025_11_17.xlsx | State: | Assigned | Click | here | to view the item | Task Number: | TASK_ID | State: | Assigned | Assignment Group: | iNET Cloud Support Team | Service Provider: | iNET | Short Description: | [ด่วน ดำเนินการรอบวันพฤหัส 20/11/25] ขอ allow firewall เพื่อให้ Customer portal และ VPN vendor สามารถ เชื่อมต่อ Agent product info for employee CIP | Click | here | to view the task ||| TICKET_TYPE=catalog_task || TO=inetmscloud@inetms.co.th || SUBJECT=Catalog Task TASK_ID has been assigned to group iNET Cloud | Support Team || SHORT_DESC=[ด่วน ดำเนินการรอบวันพฤหัส 20/11/25] ขอ allow firewall เพื่อให้ Customer portal และ VPN vendor สามารถ เชื่อมต่อ Agent product info for employee CIP || ENV= || DESC=[ด่วน ดำเนินการรอบวันพฤหัส 20/11/25] ขอ allow firewall เพื่อให้ Customer portal และ VPN vendor สามารถ เชื่อมต่อ Agent product info for employee CIP
Attach File
- แนบ3 - NDA_Template_SCGP_TH_LazyInnovator.pdf
- DXC Request form for Firewall v3.7_SCGPCustomerPortal_2025_11_17.xlsx || BODY=Request Number:
REQ_ID
Opened By:
Piyawan Laingern
Opened Date:
2025-11-17 12:48:07 ICT
Click
here
to view the request
Requested For:
Pattaratorn Vipattanaporn
Email Address:
PATTARAV@SCG.COM
Service Request Number:
RITM_ID
Opened Date:
2025-11-17 12:48:07 ICT
Short Description:
[ด่วน ดำเนินการรอบวันพฤหัส 20/11/25] ขอ allow firewall เพื่อให้ Customer portal และ VPN vendor สามารถ เชื่อมต่อ Agent product info for employee CIP
Description:
[ด่วน ดำเนินการรอบวันพฤหัส 20/11/25] ขอ allow firewall เพื่อให้ Customer portal และ VPN vendor สามารถ เชื่อมต่อ Agent product info for employee CIP
Attach File
- แนบ3 - NDA_Template_SCGP_TH_LazyInnovator.pdf
- DXC Request form for Firewall v3.7_SCGPCustomerPortal_2025_11_17.xlsx
State:
Assigned
Click
here
to view the item
Task Number:
TASK_ID
State:
Assigned
Assignment Group:
iNET Cloud Support Team
Service Provider:
iNET
Short Description:
[ด่วน ดำเนินการรอบวันพฤหัส 20/11/25] ขอ allow firewall เพื่อให้ Customer portal และ VPN vendor สามารถ เชื่อมต่อ Agent product info for employee CIP
Click
here
to view the task || RULE_GCP_HUB=0 || RULE_AWS_HUB=0 || RULE_GCP_IP=0 || RULE_AWS_IP=0 || GCP_HEADER_HITS=0 || AWS_HEADER_HITS=0 || GCP_BODY_HITS=0 || AWS_BODY_HITS=0","TICKET_TYPE: catalog_task ||| TO_ADDRESS: inetmscloud@inetms.co.th ||| SUBJECT: Catalog Task TASK_ID has been assigned to group iNET Cloud | Support Team ||| SHORT_DESC: [ด่วน ดำเนินการรอบวันพฤหัส 20/11/25] ขอ allow firewall เพื่อให้ Customer portal และ VPN vendor สามารถ เชื่อมต่อ Agent product info for employee CIP ||| DETAIL: [ด่วน ดำเนินการรอบวันพฤหัส 20/11/25] ขอ allow firewall เพื่อให้ Customer portal และ VPN vendor สามารถ เชื่อมต่อ Agent product info for employee CIP
Attach File
- แนบ3 - NDA_Template_SCGP_TH_LazyInnovator.pdf
- DXC Request form for Firewall v3.7_SCGPCustomerPortal_2025_11_17.xlsx ||| ENV:  ||| BODY: Request Number:
REQ_ID
Opened By:
Piyawan Laingern
Opened Date:
2025-11-17 12:48:07 ICT
Click
here
to view the request
Requested For:
Pattaratorn Vipattanaporn
Email Address:
PATTARAV@SCG.COM
Service Request Number:
RITM_ID
Opened Date:
2025-11-17 12:48:07 ICT
Short Description:
[ด่วน ดำเนินการรอบวันพฤหัส 20/11/25] ขอ allow firewall เพื่อให้ Customer portal และ VPN vendor สามารถ เชื่อมต่อ Agent product info for employee CIP
Description:
[ด่วน ดำเนินการรอบวันพฤหัส 20/11/25] ขอ allow firewall เพื่อให้ Customer portal และ VPN vendor สามารถ เชื่อมต่อ Agent product info for employee CIP
Attach File
- แนบ3 - NDA_Template_SCGP_TH_LazyInnovator.pdf
- DXC Request form for Firewall v3.7_SCGPCustomerPortal_2025_11_17.xlsx
State:
Assigned
Click
here
to view the item
Task Number:
TASK_ID
State:
Assigned
Assignment Group:
iNET Cloud Support Team
Service Provider:
iNET
Short Description:
[ด่วน ดำเนินการรอบวันพฤหัส 20/11/25] ขอ allow firewall เพื่อให้ Customer portal และ VPN vendor สามารถ เชื่อมต่อ Agent product info for employee CIP
Click
here
to view the task"
TASK1551635,catalog_task,inetmscloud@inetms.co.th,Catalog Task TASK_ID has been assigned to group iNET Cloud | Support Team,Request to allow firewall for VA Scan 2025-Q3 & Hardening Scan for SCG Corp,"Request to allow firewall for VA Scan 2025-Q3 & Hardening Scan for SCG Corp
Request ขอ allow firewall
1. For VA Scan
Subject : Quarterly Security Vulnerability Assessment Scan 2025 – Q3
Date and Time : Plan to scan on 12–19 September 2025
2. For Hardening Scan
Subject : Scan for remaining server.
Date and Time : Plan to scan on 19–30 September 2025",AWS Hub | GCP Hub | SCG Azure | On-prem | Form : DXC Request form for Firewall v3.7_SCG Corp.xlsx,"Request Number:
REQ_ID
Opened By:
Arunya Trisamuchkul
Opened Date:
2025-09-03 16:48:21 ICT
Click
here
to view the request
Requested For:
Pornpinit Thanasutives
Email Address:
PORNPINT@SCG.COM
Service Request Number:
RITM_ID
Opened Date:
2025-09-03 16:48:20 ICT
Short Description:
Request to allow firewall for VA Scan 2025-Q3 & Hardening Scan for SCG Corp
Description:
Request to allow firewall for VA Scan 2025-Q3 & Hardening Scan for SCG Corp
Request ขอ allow firewall
1. For VA Scan
Subject : Quarterly Security Vulnerability Assessment Scan 2025 – Q3
Date and Time : Plan to scan on 12–19 September 2025
2. For Hardening Scan
Subject : Scan for remaining server.
Date and Time : Plan to scan on 19–30 September 2025
Related environment:
AWS Hub
GCP Hub
SCG Azure
On-prem
Form : DXC Request form for Firewall v3.7_SCG Corp.xlsx
State:
Assigned
Click
here
to view the item
Task Number:
TASK_ID
State:
Assigned
Assignment Group:
iNET Cloud Support Team
Service Provider:
iNET
Short Description:
Request to allow firewall for VA Scan 2025-Q3 & Hardening Scan for SCG Corp
Click
here
to view the task",ticket_type: catalog_task [SEP] to_address: inetmscloud@inetms.co.th [SEP] subject: Catalog Task TASK_ID has been assigned to group iNET Cloud | Support Team [SEP] short_desc: Request to allow firewall for VA Scan 2025-Q3 & Hardening Scan for SCG Corp [SEP] description: Request to allow firewall for VA Scan 2025-Q3 & Hardening Scan for SCG Corp | Request ขอ allow firewall | 1. For VA Scan | Subject : Quarterly Security Vulnerability Assessment Scan 2025 – Q3 | Date and Time : Plan to scan on 12–19 September 2025 | 2. For Hardening Scan | Subject : Scan for remaining server. | Date and Time : Plan to scan on 19–30 September 2025 [SEP] related_env: AWS Hub | GCP Hub | SCG Azure | On-prem | Form : DXC Request form for Firewall v3.7_SCG Corp.xlsx [SEP] body: Request Number: | REQ_ID | Opened By: | Arunya Trisamuchkul | Opened Date: | 2025-09-03 16:48:21 ICT | Click | here | to view the request | Requested For: | Pornpinit Thanasutives | Email Address: | PORNPINT@SCG.COM | Service Request Number: | RITM_ID | Opened Date: | 2025-09-03 16:48:20 ICT | Short Description: | Request to allow firewall for VA Scan 2025-Q3 & Hardening Scan for SCG Corp | Description: | Request to allow firewall for VA Scan 2025-Q3 & Hardening Scan for SCG Corp | Request ขอ allow firewall | 1. For VA Scan | Subject : Quarterly Security Vulnerability Assessment Scan 2025 – Q3 | Date and Time : Plan to scan on 12–19 September 2025 | 2. For Hardening Scan | Subject : Scan for remaining server. | Date and Time : Plan to scan on 19–30 September 2025 | Related environment: | AWS Hub | GCP Hub | SCG Azure | On-prem | Form : DXC Request form for Firewall v3.7_SCG Corp.xlsx | State: | Assigned | Click | here | to view the item | Task Number: | TASK_ID | State: | Assigned | Assignment Group: | iNET Cloud Support Team | Service Provider: | iNET | Short Description: | Request to allow firewall for VA Scan 2025-Q3 & Hardening Scan for SCG Corp | Click | here | to view the task,AWS Team,0,0,0,0,0,0,0,0,1,2,"TICKET_TYPE=catalog_task || TO=inetmscloud@inetms.co.th || SUBJECT=Catalog Task TASK_ID has been assigned to group iNET Cloud | Support Team || SHORT_DESC=Request to allow firewall for VA Scan 2025-Q3 & Hardening Scan for SCG Corp || ENV=AWS Hub | GCP Hub | SCG Azure | On-prem | Form : DXC Request form for Firewall v3.7_SCG Corp.xlsx || DESC=Request to allow firewall for VA Scan 2025-Q3 & Hardening Scan for SCG Corp
Request ขอ allow firewall
1. For VA Scan
Subject : Quarterly Security Vulnerability Assessment Scan 2025 – Q3
Date and Time : Plan to scan on 12–19 September 2025
2. For Hardening Scan
Subject : Scan for remaining server.
Date and Time : Plan to scan on 19–30 September 2025 || BODY=Request Number:
REQ_ID
Opened By:
Arunya Trisamuchkul
Opened Date:
2025-09-03 16:48:21 ICT
Click
here
to view the request
Requested For:
Pornpinit Thanasutives
Email Address:
PORNPINT@SCG.COM
Service Request Number:
RITM_ID
Opened Date:
2025-09-03 16:48:20 ICT
Short Description:
Request to allow firewall for VA Scan 2025-Q3 & Hardening Scan for SCG Corp
Description:
Request to allow firewall for VA Scan 2025-Q3 & Hardening Scan for SCG Corp
Request ขอ allow firewall
1. For VA Scan
Subject : Quarterly Security Vulnerability Assessment Scan 2025 – Q3
Date and Time : Plan to scan on 12–19 September 2025
2. For Hardening Scan
Subject : Scan for remaining server.
Date and Time : Plan to scan on 19–30 September 2025
Related environment:
AWS Hub
GCP Hub
SCG Azure
On-prem
Form : DXC Request form for Firewall v3.7_SCG Corp.xlsx
State:
Assigned
Click
here
to view the item
Task Number:
TASK_ID
State:
Assigned
Assignment Group:
iNET Cloud Support Team
Service Provider:
iNET
Short Description:
Request to allow firewall for VA Scan 2025-Q3 & Hardening Scan for SCG Corp
Click
here
to view the task || RULE_GCP_HUB=0 || RULE_AWS_HUB=0 || RULE_GCP_IP=0 || RULE_AWS_IP=0 || GCP_HEADER_HITS=0 || AWS_HEADER_HITS=0 || GCP_BODY_HITS=1 || AWS_BODY_HITS=2",,,"ticket_type: catalog_task [SEP] to_address: inetmscloud@inetms.co.th [SEP] subject: Catalog Task TASK_ID has been assigned to group iNET Cloud | Support Team [SEP] short_desc: Request to allow firewall for VA Scan 2025-Q3 & Hardening Scan for SCG Corp [SEP] description: Request to allow firewall for VA Scan 2025-Q3 & Hardening Scan for SCG Corp | Request ขอ allow firewall | 1. For VA Scan | Subject : Quarterly Security Vulnerability Assessment Scan 2025 – Q3 | Date and Time : Plan to scan on 12–19 September 2025 | 2. For Hardening Scan | Subject : Scan for remaining server. | Date and Time : Plan to scan on 19–30 September 2025 [SEP] related_env: AWS Hub | GCP Hub | SCG Azure | On-prem | Form : DXC Request form for Firewall v3.7_SCG Corp.xlsx [SEP] body: Request Number: | REQ_ID | Opened By: | Arunya Trisamuchkul | Opened Date: | 2025-09-03 16:48:21 ICT | Click | here | to view the request | Requested For: | Pornpinit Thanasutives | Email Address: | PORNPINT@SCG.COM | Service Request Number: | RITM_ID | Opened Date: | 2025-09-03 16:48:20 ICT | Short Description: | Request to allow firewall for VA Scan 2025-Q3 & Hardening Scan for SCG Corp | Description: | Request to allow firewall for VA Scan 2025-Q3 & Hardening Scan for SCG Corp | Request ขอ allow firewall | 1. For VA Scan | Subject : Quarterly Security Vulnerability Assessment Scan 2025 – Q3 | Date and Time : Plan to scan on 12–19 September 2025 | 2. For Hardening Scan | Subject : Scan for remaining server. | Date and Time : Plan to scan on 19–30 September 2025 | Related environment: | AWS Hub | GCP Hub | SCG Azure | On-prem | Form : DXC Request form for Firewall v3.7_SCG Corp.xlsx | State: | Assigned | Click | here | to view the item | Task Number: | TASK_ID | State: | Assigned | Assignment Group: | iNET Cloud Support Team | Service Provider: | iNET | Short Description: | Request to allow firewall for VA Scan 2025-Q3 & Hardening Scan for SCG Corp | Click | here | to view the task ||| TICKET_TYPE=catalog_task || TO=inetmscloud@inetms.co.th || SUBJECT=Catalog Task TASK_ID has been assigned to group iNET Cloud | Support Team || SHORT_DESC=Request to allow firewall for VA Scan 2025-Q3 & Hardening Scan for SCG Corp || ENV=AWS Hub | GCP Hub | SCG Azure | On-prem | Form : DXC Request form for Firewall v3.7_SCG Corp.xlsx || DESC=Request to allow firewall for VA Scan 2025-Q3 & Hardening Scan for SCG Corp
Request ขอ allow firewall
1. For VA Scan
Subject : Quarterly Security Vulnerability Assessment Scan 2025 – Q3
Date and Time : Plan to scan on 12–19 September 2025
2. For Hardening Scan
Subject : Scan for remaining server.
Date and Time : Plan to scan on 19–30 September 2025 || BODY=Request Number:
REQ_ID
Opened By:
Arunya Trisamuchkul
Opened Date:
2025-09-03 16:48:21 ICT
Click
here
to view the request
Requested For:
Pornpinit Thanasutives
Email Address:
PORNPINT@SCG.COM
Service Request Number:
RITM_ID
Opened Date:
2025-09-03 16:48:20 ICT
Short Description:
Request to allow firewall for VA Scan 2025-Q3 & Hardening Scan for SCG Corp
Description:
Request to allow firewall for VA Scan 2025-Q3 & Hardening Scan for SCG Corp
Request ขอ allow firewall
1. For VA Scan
Subject : Quarterly Security Vulnerability Assessment Scan 2025 – Q3
Date and Time : Plan to scan on 12–19 September 2025
2. For Hardening Scan
Subject : Scan for remaining server.
Date and Time : Plan to scan on 19–30 September 2025
Related environment:
AWS Hub
GCP Hub
SCG Azure
On-prem
Form : DXC Request form for Firewall v3.7_SCG Corp.xlsx
State:
Assigned
Click
here
to view the item
Task Number:
TASK_ID
State:
Assigned
Assignment Group:
iNET Cloud Support Team
Service Provider:
iNET
Short Description:
Request to allow firewall for VA Scan 2025-Q3 & Hardening Scan for SCG Corp
Click
here
to view the task || RULE_GCP_HUB=0 || RULE_AWS_HUB=0 || RULE_GCP_IP=0 || RULE_AWS_IP=0 || GCP_HEADER_HITS=0 || AWS_HEADER_HITS=0 || GCP_BODY_HITS=1 || AWS_BODY_HITS=2","TICKET_TYPE: catalog_task ||| TO_ADDRESS: inetmscloud@inetms.co.th ||| SUBJECT: Catalog Task TASK_ID has been assigned to group iNET Cloud | Support Team ||| SHORT_DESC: Request to allow firewall for VA Scan 2025-Q3 & Hardening Scan for SCG Corp ||| DETAIL: Request to allow firewall for VA Scan 2025-Q3 & Hardening Scan for SCG Corp
Request ขอ allow firewall
1. For VA Scan
Subject : Quarterly Security Vulnerability Assessment Scan 2025 – Q3
Date and Time : Plan to scan on 12–19 September 2025
2. For Hardening Scan
Subject : Scan for remaining server.
Date and Time : Plan to scan on 19–30 September 2025 ||| ENV: AWS Hub | GCP Hub | SCG Azure | On-prem | Form : DXC Request form for Firewall v3.7_SCG Corp.xlsx ||| BODY: Request Number:
REQ_ID
Opened By:
Arunya Trisamuchkul
Opened Date:
2025-09-03 16:48:21 ICT
Click
here
to view the request
Requested For:
Pornpinit Thanasutives
Email Address:
PORNPINT@SCG.COM
Service Request Number:
RITM_ID
Opened Date:
2025-09-03 16:48:20 ICT
Short Description:
Request to allow firewall for VA Scan 2025-Q3 & Hardening Scan for SCG Corp
Description:
Request to allow firewall for VA Scan 2025-Q3 & Hardening Scan for SCG Corp
Request ขอ allow firewall
1. For VA Scan
Subject : Quarterly Security Vulnerability Assessment Scan 2025 – Q3
Date and Time : Plan to scan on 12–19 September 2025
2. For Hardening Scan
Subject : Scan for remaining server.
Date and Time : Plan to scan on 19–30 September 2025
Related environment:
AWS Hub
GCP Hub
SCG Azure
On-prem
Form : DXC Request form for Firewall v3.7_SCG Corp.xlsx
State:
Assigned
Click
here
to view the item
Task Number:
TASK_ID
State:
Assigned
Assignment Group:
iNET Cloud Support Team
Service Provider:
iNET
Short Description:
Request to allow firewall for VA Scan 2025-Q3 & Hardening Scan for SCG Corp
Click
here
to view the task"
TASK1547450,catalog_task,inetmscloud@inetms.co.th,Catalog Task TASK_ID has been assigned to group iNET Cloud | Support Team,ขอ allow firewall จาก Project Best ไปยัง CPAC J2C Project เพื่อ send/receive site code,,IT One Services | AWS Hub | GCP Hub | On-prem | File : Update_RITM0798201_Request form for Firewall v3.7.xlsx | โดยระบุวันที่ Deploy ในวันพฤหัสที่ 14/08/2025 | Request type: Create new rule/policy,"Request Number:
REQ_ID
Opened By:
Matchalerm Phonpipatpong
Opened Date:
2025-08-11 13:51:19 ICT
Click
here
to view the request
Requested For:
Thitiphat Jaroenrit
Email Address:
THITIPHJ@SCG.COM
Service Request Number:
RITM_ID
Opened Date:
2025-08-11 13:51:19 ICT
Short Description:
ขอ allow firewall จาก Project Best ไปยัง CPAC J2C Project เพื่อ send/receive site code
Description:
Related environment:
IT One Services
AWS Hub
GCP Hub
On-prem
File : Update_RITM0798201_Request form for Firewall v3.7.xlsx
โดยระบุวันที่ Deploy ในวันพฤหัสที่ 14/08/2025
Request type: Create new rule/policy
State:
Pending
Click
here
to view the item
Task Number:
TASK_ID
State:
Assigned
Assignment Group:
iNET Cloud Support Team
Service Provider:
iNET
Short Description:
ขอ allow firewall จาก Project Best ไปยัง CPAC J2C Project เพื่อ send/receive site code
Click
here
to view the task",ticket_type: catalog_task [SEP] to_address: inetmscloud@inetms.co.th [SEP] subject: Catalog Task TASK_ID has been assigned to group iNET Cloud | Support Team [SEP] short_desc: ขอ allow firewall จาก Project Best ไปยัง CPAC J2C Project เพื่อ send/receive site code [SEP] related_env: IT One Services | AWS Hub | GCP Hub | On-prem | File : Update_RITM0798201_Request form for Firewall v3.7.xlsx | โดยระบุวันที่ Deploy ในวันพฤหัสที่ 14/08/2025 | Request type: Create new rule/policy [SEP] body: Request Number: | REQ_ID | Opened By: | Matchalerm Phonpipatpong | Opened Date: | 2025-08-11 13:51:19 ICT | Click | here | to view the request | Requested For: | Thitiphat Jaroenrit | Email Address: | THITIPHJ@SCG.COM | Service Request Number: | RITM_ID | Opened Date: | 2025-08-11 13:51:19 ICT | Short Description: | ขอ allow firewall จาก Project Best ไปยัง CPAC J2C Project เพื่อ send/receive site code | Description: | Related environment: | IT One Services | AWS Hub | GCP Hub | On-prem | File : Update_RITM0798201_Request form for Firewall v3.7.xlsx | โดยระบุวันที่ Deploy ในวันพฤหัสที่ 14/08/2025 | Request type: Create new rule/policy | State: | Pending | Click | here | to view the item | Task Number: | TASK_ID | State: | Assigned | Assignment Group: | iNET Cloud Support Team | Service Provider: | iNET | Short Description: | ขอ allow firewall จาก Project Best ไปยัง CPAC J2C Project เพื่อ send/receive site code | Click | here | to view the task,GCP Team,0,0,0,0,0,0,0,0,1,2,"TICKET_TYPE=catalog_task || TO=inetmscloud@inetms.co.th || SUBJECT=Catalog Task TASK_ID has been assigned to group iNET Cloud | Support Team || SHORT_DESC=ขอ allow firewall จาก Project Best ไปยัง CPAC J2C Project เพื่อ send/receive site code || ENV=IT One Services | AWS Hub | GCP Hub | On-prem | File : Update_RITM0798201_Request form for Firewall v3.7.xlsx | โดยระบุวันที่ Deploy ในวันพฤหัสที่ 14/08/2025 | Request type: Create new rule/policy || DESC= || BODY=Request Number:
REQ_ID
Opened By:
Matchalerm Phonpipatpong
Opened Date:
2025-08-11 13:51:19 ICT
Click
here
to view the request
Requested For:
Thitiphat Jaroenrit
Email Address:
THITIPHJ@SCG.COM
Service Request Number:
RITM_ID
Opened Date:
2025-08-11 13:51:19 ICT
Short Description:
ขอ allow firewall จาก Project Best ไปยัง CPAC J2C Project เพื่อ send/receive site code
Description:
Related environment:
IT One Services
AWS Hub
GCP Hub
On-prem
File : Update_RITM0798201_Request form for Firewall v3.7.xlsx
โดยระบุวันที่ Deploy ในวันพฤหัสที่ 14/08/2025
Request type: Create new rule/policy
State:
Pending
Click
here
to view the item
Task Number:
TASK_ID
State:
Assigned
Assignment Group:
iNET Cloud Support Team
Service Provider:
iNET
Short Description:
ขอ allow firewall จาก Project Best ไปยัง CPAC J2C Project เพื่อ send/receive site code
Click
here
to view the task || RULE_GCP_HUB=0 || RULE_AWS_HUB=0 || RULE_GCP_IP=0 || RULE_AWS_IP=0 || GCP_HEADER_HITS=0 || AWS_HEADER_HITS=0 || GCP_BODY_HITS=1 || AWS_BODY_HITS=2",,,"ticket_type: catalog_task [SEP] to_address: inetmscloud@inetms.co.th [SEP] subject: Catalog Task TASK_ID has been assigned to group iNET Cloud | Support Team [SEP] short_desc: ขอ allow firewall จาก Project Best ไปยัง CPAC J2C Project เพื่อ send/receive site code [SEP] related_env: IT One Services | AWS Hub | GCP Hub | On-prem | File : Update_RITM0798201_Request form for Firewall v3.7.xlsx | โดยระบุวันที่ Deploy ในวันพฤหัสที่ 14/08/2025 | Request type: Create new rule/policy [SEP] body: Request Number: | REQ_ID | Opened By: | Matchalerm Phonpipatpong | Opened Date: | 2025-08-11 13:51:19 ICT | Click | here | to view the request | Requested For: | Thitiphat Jaroenrit | Email Address: | THITIPHJ@SCG.COM | Service Request Number: | RITM_ID | Opened Date: | 2025-08-11 13:51:19 ICT | Short Description: | ขอ allow firewall จาก Project Best ไปยัง CPAC J2C Project เพื่อ send/receive site code | Description: | Related environment: | IT One Services | AWS Hub | GCP Hub | On-prem | File : Update_RITM0798201_Request form for Firewall v3.7.xlsx | โดยระบุวันที่ Deploy ในวันพฤหัสที่ 14/08/2025 | Request type: Create new rule/policy | State: | Pending | Click | here | to view the item | Task Number: | TASK_ID | State: | Assigned | Assignment Group: | iNET Cloud Support Team | Service Provider: | iNET | Short Description: | ขอ allow firewall จาก Project Best ไปยัง CPAC J2C Project เพื่อ send/receive site code | Click | here | to view the task ||| TICKET_TYPE=catalog_task || TO=inetmscloud@inetms.co.th || SUBJECT=Catalog Task TASK_ID has been assigned to group iNET Cloud | Support Team || SHORT_DESC=ขอ allow firewall จาก Project Best ไปยัง CPAC J2C Project เพื่อ send/receive site code || ENV=IT One Services | AWS Hub | GCP Hub | On-prem | File : Update_RITM0798201_Request form for Firewall v3.7.xlsx | โดยระบุวันที่ Deploy ในวันพฤหัสที่ 14/08/2025 | Request type: Create new rule/policy || DESC= || BODY=Request Number:
REQ_ID
Opened By:
Matchalerm Phonpipatpong
Opened Date:
2025-08-11 13:51:19 ICT
Click
here
to view the request
Requested For:
Thitiphat Jaroenrit
Email Address:
THITIPHJ@SCG.COM
Service Request Number:
RITM_ID
Opened Date:
2025-08-11 13:51:19 ICT
Short Description:
ขอ allow firewall จาก Project Best ไปยัง CPAC J2C Project เพื่อ send/receive site code
Description:
Related environment:
IT One Services
AWS Hub
GCP Hub
On-prem
File : Update_RITM0798201_Request form for Firewall v3.7.xlsx
โดยระบุวันที่ Deploy ในวันพฤหัสที่ 14/08/2025
Request type: Create new rule/policy
State:
Pending
Click
here
to view the item
Task Number:
TASK_ID
State:
Assigned
Assignment Group:
iNET Cloud Support Team
Service Provider:
iNET
Short Description:
ขอ allow firewall จาก Project Best ไปยัง CPAC J2C Project เพื่อ send/receive site code
Click
here
to view the task || RULE_GCP_HUB=0 || RULE_AWS_HUB=0 || RULE_GCP_IP=0 || RULE_AWS_IP=0 || GCP_HEADER_HITS=0 || AWS_HEADER_HITS=0 || GCP_BODY_HITS=1 || AWS_BODY_HITS=2","TICKET_TYPE: catalog_task ||| TO_ADDRESS: inetmscloud@inetms.co.th ||| SUBJECT: Catalog Task TASK_ID has been assigned to group iNET Cloud | Support Team ||| SHORT_DESC: ขอ allow firewall จาก Project Best ไปยัง CPAC J2C Project เพื่อ send/receive site code ||| DETAIL:  ||| ENV: IT One Services | AWS Hub | GCP Hub | On-prem | File : Update_RITM0798201_Request form for Firewall v3.7.xlsx | โดยระบุวันที่ Deploy ในวันพฤหัสที่ 14/08/2025 | Request type: Create new rule/policy ||| BODY: Request Number:
REQ_ID
Opened By:
Matchalerm Phonpipatpong
Opened Date:
2025-08-11 13:51:19 ICT
Click
here
to view the request
Requested For:
Thitiphat Jaroenrit
Email Address:
THITIPHJ@SCG.COM
Service Request Number:
RITM_ID
Opened Date:
2025-08-11 13:51:19 ICT
Short Description:
ขอ allow firewall จาก Project Best ไปยัง CPAC J2C Project เพื่อ send/receive site code
Description:
Related environment:
IT One Services
AWS Hub
GCP Hub
On-prem
File : Update_RITM0798201_Request form for Firewall v3.7.xlsx
โดยระบุวันที่ Deploy ในวันพฤหัสที่ 14/08/2025
Request type: Create new rule/policy
State:
Pending
Click
here
to view the item
Task Number:
TASK_ID
State:
Assigned
Assignment Group:
iNET Cloud Support Team
Service Provider:
iNET
Short Description:
ขอ allow firewall จาก Project Best ไปยัง CPAC J2C Project เพื่อ send/receive site code
Click
here
to view the task"
TASK1500238,catalog_task,inetmscloud@inetms.co.th,Catalog Task TASK_ID has been assigned to group iNET Cloud | Support Team,[003D D&R] remove External IP address from 4 SAPPI CBM server,"[003D D&R] remove External IP address from 4 SAPPI CBM server
เนื่องจากช่วงที่ผ่านมาพบ Log โดนโจมตี และ confirm กับ IAM consult แล้วว่า SAPPI ไม่มีการใช้งาน External IP address ของ 4 เครื่องด้านล่าง
จึงรบกวนให้ remove External IP ดังกล่าวออก
ให้ดำเนินการช่วง 15 May 2025 (THU) 18:00
เครื่องที่ให้ remove External IP address
cbm-gcpiap01 Project number: 421739961909 Project ID: scg-cbm-pi-prd
cbm-gcpiap02 Project number: 421739961909 Project ID: scg-cbm-pi-prd
cbm-gcpidb01 Project number: 421739961909 Project ID: scg-cbm-pi-prd
cbm-gcpiap71 Project number: 530187856712 Project ID: scg-cbm-pi-qas
ไม่มี Downtime ของ VM instance (confirm กับ INET แล้ว)
ไม่กระทบ Application
ให้ Keep External IP ไว้ระยะเวลาหนึ่ง เดี๋ยวทาง IT D&R จะแจ้งลบในอนาคตอีกครั้ง
Assign ไปยัง inetmscloud inetmscloud@inetms.co.th",,"Request Number:
REQ_ID
Opened By:
Phanuwat Chamklam
Opened Date:
2025-05-13 17:51:44 ICT
Click
here
to view the request
Requested For:
Nipon Lerthirunwong
Business Phone:
(083) 090-2630
Email Address:
NIPONLER@SCG.COM
Service Request Number:
RITM_ID
Opened Date:
2025-05-13 17:51:44 ICT
Short Description:
[003D D&R] remove External IP address from 4 SAPPI CBM server
Description:
[003D D&R] remove External IP address from 4 SAPPI CBM server
เนื่องจากช่วงที่ผ่านมาพบ Log โดนโจมตี และ confirm กับ IAM consult แล้วว่า SAPPI ไม่มีการใช้งาน External IP address ของ 4 เครื่องด้านล่าง
จึงรบกวนให้ remove External IP ดังกล่าวออก
ให้ดำเนินการช่วง 15 May 2025 (THU) 18:00
เครื่องที่ให้ remove External IP address
cbm-gcpiap01 Project number: 421739961909 Project ID: scg-cbm-pi-prd
cbm-gcpiap02 Project number: 421739961909 Project ID: scg-cbm-pi-prd
cbm-gcpidb01 Project number: 421739961909 Project ID: scg-cbm-pi-prd
cbm-gcpiap71 Project number: 530187856712 Project ID: scg-cbm-pi-qas
ไม่มี Downtime ของ VM instance (confirm กับ INET แล้ว)
ไม่กระทบ Application
ให้ Keep External IP ไว้ระยะเวลาหนึ่ง เดี๋ยวทาง IT D&R จะแจ้งลบในอนาคตอีกครั้ง
Assign ไปยัง inetmscloud inetmscloud@inetms.co.th
State:
Assigned
Click
here
to view the item
Task Number:
TASK_ID
State:
Assigned
Assignment Group:
iNET Cloud Support Team
Service Provider:
iNET
Short Description:
[003D D&R] remove External IP address from 4 SAPPI CBM server
Click
here
to view the task",ticket_type: catalog_task [SEP] to_address: inetmscloud@inetms.co.th [SEP] subject: Catalog Task TASK_ID has been assigned to group iNET Cloud | Support Team [SEP] short_desc: [003D D&R] remove External IP address from 4 SAPPI CBM server [SEP] description: [003D D&R] remove External IP address from 4 SAPPI CBM server | เนื่องจากช่วงที่ผ่านมาพบ Log โดนโจมตี และ confirm กับ IAM consult แล้วว่า SAPPI ไม่มีการใช้งาน External IP address ของ 4 เครื่องด้านล่าง | จึงรบกวนให้ remove External IP ดังกล่าวออก | ให้ดำเนินการช่วง 15 May 2025 (THU) 18:00 | เครื่องที่ให้ remove External IP address | cbm-gcpiap01 Project number: 421739961909 Project ID: scg-cbm-pi-prd | cbm-gcpiap02 Project number: 421739961909 Project ID: scg-cbm-pi-prd | cbm-gcpidb01 Project number: 421739961909 Project ID: scg-cbm-pi-prd | cbm-gcpiap71 Project number: 530187856712 Project ID: scg-cbm-pi-qas | ไม่มี Downtime ของ VM instance (confirm กับ INET แล้ว) | ไม่กระทบ Application | ให้ Keep External IP ไว้ระยะเวลาหนึ่ง เดี๋ยวทาง IT D&R จะแจ้งลบในอนาคตอีกครั้ง | Assign ไปยัง inetmscloud inetmscloud@inetms.co.th [SEP] body: Request Number: | REQ_ID | Opened By: | Phanuwat Chamklam | Opened Date: | 2025-05-13 17:51:44 ICT | Click | here | to view the request | Requested For: | Nipon Lerthirunwong | Business Phone: | (083) 090-2630 | Email Address: | NIPONLER@SCG.COM | Service Request Number: | RITM_ID | Opened Date: | 2025-05-13 17:51:44 ICT | Short Description: | [003D D&R] remove External IP address from 4 SAPPI CBM server | Description: | [003D D&R] remove External IP address from 4 SAPPI CBM server | เนื่องจากช่วงที่ผ่านมาพบ Log โดนโจมตี และ confirm กับ IAM consult แล้วว่า SAPPI ไม่มีการใช้งาน External IP address ของ 4 เครื่องด้านล่าง | จึงรบกวนให้ remove External IP ดังกล่าวออก | ให้ดำเนินการช่วง 15 May 2025 (THU) 18:00 | เครื่องที่ให้ remove External IP address | cbm-gcpiap01 Project number: 421739961909 Project ID: scg-cbm-pi-prd | cbm-gcpiap02 Project number: 421739961909 Project ID: scg-cbm-pi-prd | cbm-gcpidb01 Project number: 421739961909 Project ID: scg-cbm-pi-prd | cbm-gcpiap71 Project number: 530187856712 Project ID: scg-cbm-pi-qas | ไม่มี Downtime ของ VM instance (confirm กับ INET แล้ว) | ไม่กระทบ Application | ให้ Keep External IP ไว้ระยะเวลาหนึ่ง เดี๋ยวทาง IT D&R จะแจ้งลบในอนาคตอีกครั้ง | Assign ไปยัง inetmscloud inetmscloud@inetms.co.th | State: | Assigned | Click | here | to view the item | Task Number: | TASK_ID | State: | Assigned | Assignment Group: | iNET Cloud Support Team | Service Provider: | iNET | Short Description: | [003D D&R] remove External IP address from 4 SAPPI CBM server | Click | here | to view the task,GCP Team,0,0,0,0,0,0,0,0,1,1,"TICKET_TYPE=catalog_task || TO=inetmscloud@inetms.co.th || SUBJECT=Catalog Task TASK_ID has been assigned to group iNET Cloud | Support Team || SHORT_DESC=[003D D&R] remove External IP address from 4 SAPPI CBM server || ENV= || DESC=[003D D&R] remove External IP address from 4 SAPPI CBM server
เนื่องจากช่วงที่ผ่านมาพบ Log โดนโจมตี และ confirm กับ IAM consult แล้วว่า SAPPI ไม่มีการใช้งาน External IP address ของ 4 เครื่องด้านล่าง
จึงรบกวนให้ remove External IP ดังกล่าวออก
ให้ดำเนินการช่วง 15 May 2025 (THU) 18:00
เครื่องที่ให้ remove External IP address
cbm-gcpiap01 Project number: 421739961909 Project ID: scg-cbm-pi-prd
cbm-gcpiap02 Project number: 421739961909 Project ID: scg-cbm-pi-prd
cbm-gcpidb01 Project number: 421739961909 Project ID: scg-cbm-pi-prd
cbm-gcpiap71 Project number: 530187856712 Project ID: scg-cbm-pi-qas
ไม่มี Downtime ของ VM instance (confirm กับ INET แล้ว)
ไม่กระทบ Application
ให้ Keep External IP ไว้ระยะเวลาหนึ่ง เดี๋ยวทาง IT D&R จะแจ้งลบในอนาคตอีกครั้ง
Assign ไปยัง inetmscloud inetmscloud@inetms.co.th || BODY=Request Number:
REQ_ID
Opened By:
Phanuwat Chamklam
Opened Date:
2025-05-13 17:51:44 ICT
Click
here
to view the request
Requested For:
Nipon Lerthirunwong
Business Phone:
(083) 090-2630
Email Address:
NIPONLER@SCG.COM
Service Request Number:
RITM_ID
Opened Date:
2025-05-13 17:51:44 ICT
Short Description:
[003D D&R] remove External IP address from 4 SAPPI CBM server
Description:
[003D D&R] remove External IP address from 4 SAPPI CBM server
เนื่องจากช่วงที่ผ่านมาพบ Log โดนโจมตี และ confirm กับ IAM consult แล้วว่า SAPPI ไม่มีการใช้งาน External IP address ของ 4 เครื่องด้านล่าง
จึงรบกวนให้ remove External IP ดังกล่าวออก
ให้ดำเนินการช่วง 15 May 2025 (THU) 18:00
เครื่องที่ให้ remove External IP address
cbm-gcpiap01 Project number: 421739961909 Project ID: scg-cbm-pi-prd
cbm-gcpiap02 Project number: 421739961909 Project ID: scg-cbm-pi-prd
cbm-gcpidb01 Project number: 421739961909 Project ID: scg-cbm-pi-prd
cbm-gcpiap71 Project number: 530187856712 Project ID: scg-cbm-pi-qas
ไม่มี Downtime ของ VM instance (confirm กับ INET แล้ว)
ไม่กระทบ Application
ให้ Keep External IP ไว้ระยะเวลาหนึ่ง เดี๋ยวทาง IT D&R จะแจ้งลบในอนาคตอีกครั้ง
Assign ไปยัง inetmscloud inetmscloud@inetms.co.th
State:
Assigned
Click
here
to view the item
Task Number:
TASK_ID
State:
Assigned
Assignment Group:
iNET Cloud Support Team
Service Provider:
iNET
Short Description:
[003D D&R] remove External IP address from 4 SAPPI CBM server
Click
here
to view the task || RULE_GCP_HUB=0 || RULE_AWS_HUB=0 || RULE_GCP_IP=0 || RULE_AWS_IP=0 || GCP_HEADER_HITS=0 || AWS_HEADER_HITS=0 || GCP_BODY_HITS=1 || AWS_BODY_HITS=1",,,"ticket_type: catalog_task [SEP] to_address: inetmscloud@inetms.co.th [SEP] subject: Catalog Task TASK_ID has been assigned to group iNET Cloud | Support Team [SEP] short_desc: [003D D&R] remove External IP address from 4 SAPPI CBM server [SEP] description: [003D D&R] remove External IP address from 4 SAPPI CBM server | เนื่องจากช่วงที่ผ่านมาพบ Log โดนโจมตี และ confirm กับ IAM consult แล้วว่า SAPPI ไม่มีการใช้งาน External IP address ของ 4 เครื่องด้านล่าง | จึงรบกวนให้ remove External IP ดังกล่าวออก | ให้ดำเนินการช่วง 15 May 2025 (THU) 18:00 | เครื่องที่ให้ remove External IP address | cbm-gcpiap01 Project number: 421739961909 Project ID: scg-cbm-pi-prd | cbm-gcpiap02 Project number: 421739961909 Project ID: scg-cbm-pi-prd | cbm-gcpidb01 Project number: 421739961909 Project ID: scg-cbm-pi-prd | cbm-gcpiap71 Project number: 530187856712 Project ID: scg-cbm-pi-qas | ไม่มี Downtime ของ VM instance (confirm กับ INET แล้ว) | ไม่กระทบ Application | ให้ Keep External IP ไว้ระยะเวลาหนึ่ง เดี๋ยวทาง IT D&R จะแจ้งลบในอนาคตอีกครั้ง | Assign ไปยัง inetmscloud inetmscloud@inetms.co.th [SEP] body: Request Number: | REQ_ID | Opened By: | Phanuwat Chamklam | Opened Date: | 2025-05-13 17:51:44 ICT | Click | here | to view the request | Requested For: | Nipon Lerthirunwong | Business Phone: | (083) 090-2630 | Email Address: | NIPONLER@SCG.COM | Service Request Number: | RITM_ID | Opened Date: | 2025-05-13 17:51:44 ICT | Short Description: | [003D D&R] remove External IP address from 4 SAPPI CBM server | Description: | [003D D&R] remove External IP address from 4 SAPPI CBM server | เนื่องจากช่วงที่ผ่านมาพบ Log โดนโจมตี และ confirm กับ IAM consult แล้วว่า SAPPI ไม่มีการใช้งาน External IP address ของ 4 เครื่องด้านล่าง | จึงรบกวนให้ remove External IP ดังกล่าวออก | ให้ดำเนินการช่วง 15 May 2025 (THU) 18:00 | เครื่องที่ให้ remove External IP address | cbm-gcpiap01 Project number: 421739961909 Project ID: scg-cbm-pi-prd | cbm-gcpiap02 Project number: 421739961909 Project ID: scg-cbm-pi-prd | cbm-gcpidb01 Project number: 421739961909 Project ID: scg-cbm-pi-prd | cbm-gcpiap71 Project number: 530187856712 Project ID: scg-cbm-pi-qas | ไม่มี Downtime ของ VM instance (confirm กับ INET แล้ว) | ไม่กระทบ Application | ให้ Keep External IP ไว้ระยะเวลาหนึ่ง เดี๋ยวทาง IT D&R จะแจ้งลบในอนาคตอีกครั้ง | Assign ไปยัง inetmscloud inetmscloud@inetms.co.th | State: | Assigned | Click | here | to view the item | Task Number: | TASK_ID | State: | Assigned | Assignment Group: | iNET Cloud Support Team | Service Provider: | iNET | Short Description: | [003D D&R] remove External IP address from 4 SAPPI CBM server | Click | here | to view the task ||| TICKET_TYPE=catalog_task || TO=inetmscloud@inetms.co.th || SUBJECT=Catalog Task TASK_ID has been assigned to group iNET Cloud | Support Team || SHORT_DESC=[003D D&R] remove External IP address from 4 SAPPI CBM server || ENV= || DESC=[003D D&R] remove External IP address from 4 SAPPI CBM server
เนื่องจากช่วงที่ผ่านมาพบ Log โดนโจมตี และ confirm กับ IAM consult แล้วว่า SAPPI ไม่มีการใช้งาน External IP address ของ 4 เครื่องด้านล่าง
จึงรบกวนให้ remove External IP ดังกล่าวออก
ให้ดำเนินการช่วง 15 May 2025 (THU) 18:00
เครื่องที่ให้ remove External IP address
cbm-gcpiap01 Project number: 421739961909 Project ID: scg-cbm-pi-prd
cbm-gcpiap02 Project number: 421739961909 Project ID: scg-cbm-pi-prd
cbm-gcpidb01 Project number: 421739961909 Project ID: scg-cbm-pi-prd
cbm-gcpiap71 Project number: 530187856712 Project ID: scg-cbm-pi-qas
ไม่มี Downtime ของ VM instance (confirm กับ INET แล้ว)
ไม่กระทบ Application
ให้ Keep External IP ไว้ระยะเวลาหนึ่ง เดี๋ยวทาง IT D&R จะแจ้งลบในอนาคตอีกครั้ง
Assign ไปยัง inetmscloud inetmscloud@inetms.co.th || BODY=Request Number:
REQ_ID
Opened By:
Phanuwat Chamklam
Opened Date:
2025-05-13 17:51:44 ICT
Click
here
to view the request
Requested For:
Nipon Lerthirunwong
Business Phone:
(083) 090-2630
Email Address:
NIPONLER@SCG.COM
Service Request Number:
RITM_ID
Opened Date:
2025-05-13 17:51:44 ICT
Short Description:
[003D D&R] remove External IP address from 4 SAPPI CBM server
Description:
[003D D&R] remove External IP address from 4 SAPPI CBM server
เนื่องจากช่วงที่ผ่านมาพบ Log โดนโจมตี และ confirm กับ IAM consult แล้วว่า SAPPI ไม่มีการใช้งาน External IP address ของ 4 เครื่องด้านล่าง
จึงรบกวนให้ remove External IP ดังกล่าวออก
ให้ดำเนินการช่วง 15 May 2025 (THU) 18:00
เครื่องที่ให้ remove External IP address
cbm-gcpiap01 Project number: 421739961909 Project ID: scg-cbm-pi-prd
cbm-gcpiap02 Project number: 421739961909 Project ID: scg-cbm-pi-prd
cbm-gcpidb01 Project number: 421739961909 Project ID: scg-cbm-pi-prd
cbm-gcpiap71 Project number: 530187856712 Project ID: scg-cbm-pi-qas
ไม่มี Downtime ของ VM instance (confirm กับ INET แล้ว)
ไม่กระทบ Application
ให้ Keep External IP ไว้ระยะเวลาหนึ่ง เดี๋ยวทาง IT D&R จะแจ้งลบในอนาคตอีกครั้ง
Assign ไปยัง inetmscloud inetmscloud@inetms.co.th
State:
Assigned
Click
here
to view the item
Task Number:
TASK_ID
State:
Assigned
Assignment Group:
iNET Cloud Support Team
Service Provider:
iNET
Short Description:
[003D D&R] remove External IP address from 4 SAPPI CBM server
Click
here
to view the task || RULE_GCP_HUB=0 || RULE_AWS_HUB=0 || RULE_GCP_IP=0 || RULE_AWS_IP=0 || GCP_HEADER_HITS=0 || AWS_HEADER_HITS=0 || GCP_BODY_HITS=1 || AWS_BODY_HITS=1","TICKET_TYPE: catalog_task ||| TO_ADDRESS: inetmscloud@inetms.co.th ||| SUBJECT: Catalog Task TASK_ID has been assigned to group iNET Cloud | Support Team ||| SHORT_DESC: [003D D&R] remove External IP address from 4 SAPPI CBM server ||| DETAIL: [003D D&R] remove External IP address from 4 SAPPI CBM server
เนื่องจากช่วงที่ผ่านมาพบ Log โดนโจมตี และ confirm กับ IAM consult แล้วว่า SAPPI ไม่มีการใช้งาน External IP address ของ 4 เครื่องด้านล่าง
จึงรบกวนให้ remove External IP ดังกล่าวออก
ให้ดำเนินการช่วง 15 May 2025 (THU) 18:00
เครื่องที่ให้ remove External IP address
cbm-gcpiap01 Project number: 421739961909 Project ID: scg-cbm-pi-prd
cbm-gcpiap02 Project number: 421739961909 Project ID: scg-cbm-pi-prd
cbm-gcpidb01 Project number: 421739961909 Project ID: scg-cbm-pi-prd
cbm-gcpiap71 Project number: 530187856712 Project ID: scg-cbm-pi-qas
ไม่มี Downtime ของ VM instance (confirm กับ INET แล้ว)
ไม่กระทบ Application
ให้ Keep External IP ไว้ระยะเวลาหนึ่ง เดี๋ยวทาง IT D&R จะแจ้งลบในอนาคตอีกครั้ง
Assign ไปยัง inetmscloud inetmscloud@inetms.co.th ||| ENV:  ||| BODY: Request Number:
REQ_ID
Opened By:
Phanuwat Chamklam
Opened Date:
2025-05-13 17:51:44 ICT
Click
here
to view the request
Requested For:
Nipon Lerthirunwong
Business Phone:
(083) 090-2630
Email Address:
NIPONLER@SCG.COM
Service Request Number:
RITM_ID
Opened Date:
2025-05-13 17:51:44 ICT
Short Description:
[003D D&R] remove External IP address from 4 SAPPI CBM server
Description:
[003D D&R] remove External IP address from 4 SAPPI CBM server
เนื่องจากช่วงที่ผ่านมาพบ Log โดนโจมตี และ confirm กับ IAM consult แล้วว่า SAPPI ไม่มีการใช้งาน External IP address ของ 4 เครื่องด้านล่าง
จึงรบกวนให้ remove External IP ดังกล่าวออก
ให้ดำเนินการช่วง 15 May 2025 (THU) 18:00
เครื่องที่ให้ remove External IP address
cbm-gcpiap01 Project number: 421739961909 Project ID: scg-cbm-pi-prd
cbm-gcpiap02 Project number: 421739961909 Project ID: scg-cbm-pi-prd
cbm-gcpidb01 Project number: 421739961909 Project ID: scg-cbm-pi-prd
cbm-gcpiap71 Project number: 530187856712 Project ID: scg-cbm-pi-qas
ไม่มี Downtime ของ VM instance (confirm กับ INET แล้ว)
ไม่กระทบ Application
ให้ Keep External IP ไว้ระยะเวลาหนึ่ง เดี๋ยวทาง IT D&R จะแจ้งลบในอนาคตอีกครั้ง
Assign ไปยัง inetmscloud inetmscloud@inetms.co.th
State:
Assigned
Click
here
to view the item
Task Number:
TASK_ID
State:
Assigned
Assignment Group:
iNET Cloud Support Team
Service Provider:
iNET
Short Description:
[003D D&R] remove External IP address from 4 SAPPI CBM server
Click
here
to view the task"
